algoritma,k,inertia,silhouette,davies_bouldin,calinski_harabasz
K-Means,2,2172.4612,0.234013,1.563439,135.124994
Hierarchical,2,,0.198058,1.733844,110.236928
K-Means,3,1912.1881,0.181573,1.81449,101.595339
Hierarchical,3,,0.12886,1.971099,85.099016
K-Means,4,1692.9364,0.177138,1.693656,92.137419
Hierarchical,4,,0.135289,1.80592,76.826365
K-Means,5,1583.847,0.168007,1.708605,79.963532
Hierarchical,5,,0.124477,2.003927,65.573972
K-Means,6,1473.2714,0.149699,1.678673,74.063193
Hierarchical,6,,0.09771,1.993187,58.749069
K-Means,7,1395.627,0.149871,1.713745,68.349656
Hierarchical,7,,0.088925,1.938241,54.317099
K-Means,8,1348.7153,0.14162,1.693296,62.26034
Hierarchical,8,,0.095474,1.858539,51.213508
K-Means,9,1294.8497,0.136905,1.684033,58.470147
Hierarchical,9,,0.100091,1.824354,48.561547
K-Means,10,1250.6973,0.138389,1.675902,55.075613
Hierarchical,10,,0.104894,1.745159,46.664035
