algoritma,fitur,k,silhouette,davies_bouldin,calinski_harabasz
K-Means,Tanpa PCA,2,0.234013,1.563439,135.124994
Hierarchical,Tanpa PCA,2,0.198058,1.733844,110.236928
K-Means,Dengan PCA,2,0.246047,1.504066,145.014193
Hierarchical,Dengan PCA,2,0.20358,1.687958,113.730685
K-Means,Tanpa PCA,3,0.181573,1.81449,101.595339
Hierarchical,Tanpa PCA,3,0.12886,1.971099,85.099016
K-Means,Dengan PCA,3,0.192176,1.726379,109.965737
Hierarchical,Dengan PCA,3,0.173075,1.648432,92.265687
K-Means,Tanpa PCA,4,0.177138,1.693656,92.137419
Hierarchical,Tanpa PCA,4,0.135289,1.80592,76.826365
K-Means,Dengan PCA,4,0.189978,1.608731,100.953615
Hierarchical,Dengan PCA,4,0.165053,1.737796,87.035535
K-Means,Tanpa PCA,5,0.168007,1.708605,79.963532
Hierarchical,Tanpa PCA,5,0.124477,2.003927,65.573972
K-Means,Dengan PCA,5,0.168796,1.63675,88.911064
Hierarchical,Dengan PCA,5,0.117579,1.746206,74.946941
