Prioritas,Kecamatan,Desa,Zona,%Desil1,%Desil2,%BelumData,%Nonaktif,Skor,Jenis Masalah,Rekomendasi
1,Kikim Selatan,Beringin Janggut,Kemiskinan Tinggi,44.36619718309859,13.380281690140844,4.929577464788732,9.15492957746479,0.613425,Administratif/Cakupan,Prioritas survei/pemutakhiran data (musdes)
2,Muarapayang,Bandu Agung,Kemiskinan Tinggi,39.436619718309856,18.77934272300469,4.225352112676056,9.624413145539906,0.600643,Ekonomi,Prioritas bantuan tunai (PKH/BLT)
3,Jarai,Lubuk Saung,Kemiskinan Tinggi,30.575539568345324,15.827338129496402,5.39568345323741,12.589928057553957,0.543371,Administratif/Cakupan,Prioritas survei/pemutakhiran data (musdes)
4,Tanjungtebat,Padang Perigi,Kemiskinan Tinggi,30.29045643153527,19.91701244813278,4.149377593360995,9.95850622406639,0.52036,Ekonomi,Prioritas bantuan tunai (PKH/BLT)
5,Kikim Selatan,Keban Raya,Kemiskinan Tinggi,24.050632911392405,18.9873417721519,6.329113924050633,15.18987341772152,0.503846,Administratif/Cakupan,Prioritas survei/pemutakhiran data (musdes)
6,Kikim Timur,Muara Empayang,Kemiskinan Tinggi,28.57142857142857,17.46031746031746,4.761904761904762,7.142857142857142,0.503455,Administratif/Cakupan,Prioritas survei/pemutakhiran data (musdes)
7,Pseksu,Lubuk Atung,Kemiskinan Tinggi,32.972972972972975,16.216216216216218,2.702702702702702,11.621621621621625,0.502053,Ekonomi,Prioritas bantuan tunai (PKH/BLT)
8,Pseksu,Talang Tinggi,Kemiskinan Tinggi,28.79581151832461,12.56544502617801,5.235602094240837,11.518324607329845,0.501468,Administratif/Cakupan,Prioritas survei/pemutakhiran data (musdes)
9,Kikim Selatan,Pulau Beringin,Kemiskinan Tinggi,26.57952069716776,20.697167755991288,4.57516339869281,8.278867102396514,0.499726,Ekonomi,Prioritas bantuan tunai (PKH/BLT)
10,Tanjungtebat,Pandan Arang Ilir,Kemiskinan Sedang,29.37853107344633,20.90395480225989,2.824858757062147,7.344632768361582,0.495637,Ekonomi,Bantuan pangan + pemberdayaan ekonomi mikro
11,Kikim Selatan,Keban Agung,Kemiskinan Tinggi,26.12359550561798,14.887640449438203,5.8988764044943816,10.112359550561797,0.492055,Administratif/Cakupan,Prioritas survei/pemutakhiran data (musdes)
12,Tanjung Sakti Pumi,Negeri Kaya,Kemiskinan Sedang,26.0,26.666666666666668,2.666666666666667,6.666666666666667,0.484669,Ekonomi,Bantuan pangan + pemberdayaan ekonomi mikro
13,Jarai,Kedaton,Kemiskinan Sedang,29.6875,16.40625,3.125,4.6875,0.484343,Ekonomi,Bantuan pangan + pemberdayaan ekonomi mikro
14,Muarapayang,Muara Gelumpai,Kemiskinan Sedang,24.96,18.08,4.16,9.12,0.481314,Ekonomi,Bantuan pangan + pemberdayaan ekonomi mikro
15,Kikim Selatan,Pagardin,Kemiskinan Tinggi,28.027681660899656,15.22491349480969,4.1522491349480966,4.844290657439446,0.480137,Ekonomi,Prioritas bantuan tunai (PKH/BLT)
16,Muarapayang,Talang Tinggi,Kemiskinan Tinggi,23.218390804597703,21.149425287356323,5.287356321839081,11.03448275862069,0.477468,Administratif/Cakupan,Prioritas survei/pemutakhiran data (musdes)
17,Mulak Sebingkai,Keban Agung,Kemiskinan Tinggi,24.85549132947977,14.16184971098266,6.358381502890173,10.982658959537572,0.47269,Administratif/Cakupan,Prioritas survei/pemutakhiran data (musdes)
18,Gumay Talang,Darmo,Kemiskinan Tinggi,30.74074074074074,14.444444444444445,2.2222222222222223,8.88888888888889,0.469145,Ekonomi,Prioritas bantuan tunai (PKH/BLT)
19,Mulak Ulu,Tebing Tinggi,Kemiskinan Sedang,22.807017543859647,26.31578947368421,3.508771929824561,9.649122807017545,0.468301,Ekonomi,Bantuan pangan + pemberdayaan ekonomi mikro
20,Mulak Ulu,Lawang Agung Mulak,Kemiskinan Sedang,29.40379403794038,19.10569105691057,1.8970189701897016,6.233062330623306,0.468283,Ekonomi,Bantuan pangan + pemberdayaan ekonomi mikro
21,Pseksu,Batu Niding,Kemiskinan Tinggi,23.643410852713178,15.891472868217054,5.426356589147287,10.852713178294572,0.463542,Administratif/Cakupan,Prioritas survei/pemutakhiran data (musdes)
22,Gumay Talang,Tanjung Karangan,Kemiskinan Sedang,26.993865030674847,13.496932515337424,3.6809815950920246,6.134969325153374,0.460883,Ekonomi,Bantuan pangan + pemberdayaan ekonomi mikro
23,Muarapayang,Muara Jauh,Kemiskinan Sedang,28.91156462585034,16.666666666666664,1.3605442176870748,4.081632653061225,0.460498,Ekonomi,Bantuan pangan + pemberdayaan ekonomi mikro
24,Pajar Bulan,Gelung Sakti,Kemiskinan Tinggi,26.31578947368421,14.736842105263156,4.2105263157894735,5.263157894736842,0.459677,Ekonomi,Prioritas bantuan tunai (PKH/BLT)
25,Pulau Pinang,Tanjung Mulak,Kemiskinan Tinggi,27.710843373493976,8.835341365461847,4.417670682730924,8.835341365461847,0.456543,Ekonomi,Prioritas bantuan tunai (PKH/BLT)
26,Pseksu,Sukajadi,Kemiskinan Tinggi,28.689883913764515,13.432835820895525,3.316749585406302,8.7893864013267,0.454113,Ekonomi,Prioritas bantuan tunai (PKH/BLT)
27,Pajar Bulan,Aceh,Kemiskinan Tinggi,20.62256809338521,16.731517509727624,6.22568093385214,7.392996108949417,0.453007,Administratif/Cakupan,Prioritas survei/pemutakhiran data (musdes)
28,Kota Agung,Bangke,Kemiskinan Sedang,26.486486486486488,21.62162162162162,1.0810810810810811,9.18918918918919,0.450498,Ekonomi,Bantuan pangan + pemberdayaan ekonomi mikro
29,Gumay Talang,Muara Tandi,Kemiskinan Tinggi,26.8,17.599999999999998,2.8000000000000003,10.0,0.450379,Ekonomi,Prioritas bantuan tunai (PKH/BLT)
30,Jarai,Bandar Aji,Kemiskinan Tinggi,24.75728155339806,14.07766990291262,4.854368932038835,10.679611650485436,0.448704,Administratif/Cakupan,Prioritas survei/pemutakhiran data (musdes)
31,Merapi Selatan,Geramat,Kemiskinan Sedang,17.737003058103976,35.77981651376147,2.752293577981652,7.64525993883792,0.446592,Ekonomi,Bantuan pangan + pemberdayaan ekonomi mikro
32,Merapi Selatan,Perangai,Kemiskinan Tinggi,21.061093247588424,17.845659163987136,5.94855305466238,13.504823151125404,0.446505,Administratif/Cakupan,Prioritas survei/pemutakhiran data (musdes)
33,Muarapayang,Lawang Agung Lama,Kemiskinan Tinggi,26.132404181184672,15.33101045296167,3.1358885017421603,10.104529616724738,0.439551,Ekonomi,Prioritas bantuan tunai (PKH/BLT)
34,Kota Agung,Tanjung Beringin,Kemiskinan Tinggi,27.20588235294117,21.323529411764707,1.4705882352941175,7.352941176470589,0.438784,Ekonomi,Prioritas bantuan tunai (PKH/BLT)
35,Gumay Talang,Sugi Waras,Kemiskinan Tinggi,21.45110410094637,20.50473186119874,4.73186119873817,9.46372239747634,0.437468,Administratif/Cakupan,Prioritas survei/pemutakhiran data (musdes)
36,Pulau Pinang,Karang Dalam,Kemiskinan Tinggi,20.833333333333336,11.21794871794872,6.730769230769231,14.423076923076922,0.436964,Administratif/Cakupan,Prioritas survei/pemutakhiran data (musdes)
37,Kikim Timur,Gunung Aji,Kemiskinan Tinggi,23.778501628664493,8.143322475570033,5.863192182410423,9.77198697068404,0.434435,Administratif/Cakupan,Prioritas survei/pemutakhiran data (musdes)
38,Jarai,Gunung Megang,Kemiskinan Sedang,18.543046357615893,22.516556291390728,5.298013245033113,4.635761589403973,0.433448,Administratif/Cakupan,Prioritas survei/pemutakhiran data (musdes)
39,Jarai,Penantian,Kemiskinan Tinggi,21.67577413479053,18.397085610200364,4.553734061930783,8.014571948998178,0.432793,Ekonomi,Prioritas bantuan tunai (PKH/BLT)
40,Merapi Selatan,Tanjung Menang,Kemiskinan Sedang,25.287356321839084,22.988505747126435,1.1494252873563218,9.195402298850574,0.424649,Ekonomi,Bantuan pangan + pemberdayaan ekonomi mikro
41,Muarapayang,Muara Payang,Kemiskinan Tinggi,22.899505766062603,16.80395387149918,3.789126853377265,9.71993410214168,0.424642,Ekonomi,Prioritas bantuan tunai (PKH/BLT)
42,Kota Agung,Tunggul Bute,Kemiskinan Tinggi,21.37285491419657,10.29641185647426,5.928237129485179,5.61622464898596,0.420025,Administratif/Cakupan,Prioritas survei/pemutakhiran data (musdes)
43,Muarapayang,Lawang Agung Baru,Kemiskinan Sedang,23.59550561797753,16.292134831460675,2.808988764044944,10.674157303370784,0.414727,Ekonomi,Bantuan pangan + pemberdayaan ekonomi mikro
44,Lahat,Pasar Baru,Kemiskinan Rendah,5.205811138014528,5.447941888619854,12.832929782082324,7.263922518159806,0.414073,Administratif/Cakupan,Prioritas survei/pemutakhiran data (musdes)
45,Kikim Selatan,Tanjung Kurung,Kemiskinan Sedang,18.58407079646018,19.91150442477876,4.424778761061947,4.424778761061947,0.412724,Ekonomi,Bantuan pangan + pemberdayaan ekonomi mikro
46,Kikim Timur,Lubuk Kute,Kemiskinan Sedang,21.50537634408602,23.118279569892472,1.6129032258064515,7.526881720430108,0.412067,Ekonomi,Bantuan pangan + pemberdayaan ekonomi mikro
47,Pseksu,Lubuk Mabar,Kemiskinan Sedang,21.3903743315508,15.508021390374331,4.27807486631016,7.4866310160427805,0.41191,Ekonomi,Bantuan pangan + pemberdayaan ekonomi mikro
48,Jarai,Serambi,Kemiskinan Tinggi,17.681159420289855,21.44927536231884,5.217391304347826,9.27536231884058,0.411778,Administratif/Cakupan,Prioritas survei/pemutakhiran data (musdes)
49,Tanjungsakti Pumu,Muara Cawang,Kemiskinan Tinggi,23.426573426573427,14.335664335664337,3.8461538461538463,8.041958041958042,0.411508,Ekonomi,Prioritas bantuan tunai (PKH/BLT)
50,Tanjung Sakti Pumi,Pagar Jati,Kemiskinan Tinggi,22.692307692307693,19.23076923076924,3.076923076923077,7.307692307692308,0.41103,Ekonomi,Prioritas bantuan tunai (PKH/BLT)
51,Tanjungtebat,Tanjung Kurung Ilir,Kemiskinan Tinggi,23.52941176470588,17.647058823529413,3.308823529411765,5.88235294117647,0.411021,Ekonomi,Prioritas bantuan tunai (PKH/BLT)
52,Pseksu,Muara Cawang,Kemiskinan Tinggi,19.81132075471698,18.632075471698112,4.716981132075472,13.443396226415096,0.410848,Administratif/Cakupan,Prioritas survei/pemutakhiran data (musdes)
53,Jarai,Sadan,Kemiskinan Sedang,22.762645914396888,14.591439688715957,3.696498054474709,6.614785992217899,0.410222,Ekonomi,Bantuan pangan + pemberdayaan ekonomi mikro
54,Kota Agung,Pagaruyung,Kemiskinan Tinggi,15.709969788519636,21.148036253776432,6.042296072507553,7.552870090634441,0.410036,Administratif/Cakupan,Prioritas survei/pemutakhiran data (musdes)
55,Tanjungsakti Pumu,Talang Tinggi,Kemiskinan Tinggi,27.08333333333333,12.5,2.083333333333333,11.979166666666668,0.409249,Ekonomi,Prioritas bantuan tunai (PKH/BLT)
56,Tanjungtebat,Tanjung Nibung,Kemiskinan Tinggi,26.70807453416149,14.285714285714285,1.8633540372670807,6.832298136645963,0.408925,Ekonomi,Prioritas bantuan tunai (PKH/BLT)
57,Kikim Selatan,Pandan Arang,Kemiskinan Tinggi,20.21857923497268,18.852459016393443,4.098360655737705,8.743169398907105,0.408673,Ekonomi,Prioritas bantuan tunai (PKH/BLT)
58,Pseksu,Tanjung Agung,Kemiskinan Tinggi,24.21052631578948,11.578947368421051,3.684210526315789,14.736842105263156,0.408235,Ekonomi,Prioritas bantuan tunai (PKH/BLT)
59,Kikim Barat,Mekar Jaya,Kemiskinan Tinggi,24.867724867724867,8.994708994708994,3.7037037037037033,8.994708994708994,0.408196,Ekonomi,Prioritas bantuan tunai (PKH/BLT)
60,Kota Agung,Tanjung Bulan,Kemiskinan Tinggi,20.59800664451827,24.91694352159469,2.6578073089701,9.634551495016613,0.406675,Ekonomi,Prioritas bantuan tunai (PKH/BLT)
61,Tanjungtebat,Tanjung Raya,Kemiskinan Tinggi,21.052631578947366,9.210526315789473,5.921052631578947,7.236842105263158,0.406369,Administratif/Cakupan,Prioritas survei/pemutakhiran data (musdes)
62,Kikim Timur,Lubuk Nambulan,Kemiskinan Tinggi,20.454545454545457,12.727272727272728,5.227272727272727,9.318181818181818,0.405953,Administratif/Cakupan,Prioritas survei/pemutakhiran data (musdes)
63,Tanjung Sakti Pumi,Penandingan,Kemiskinan Tinggi,21.613832853025936,18.443804034582133,3.170028818443804,8.93371757925072,0.403843,Ekonomi,Prioritas bantuan tunai (PKH/BLT)
64,Tanjung Sakti Pumi,Tanjung Sakti,Kemiskinan Tinggi,20.304568527918786,17.00507614213198,4.060913705583756,9.137055837563452,0.403602,Ekonomi,Prioritas bantuan tunai (PKH/BLT)
65,Pagar Gunung,Siring Agung,Kemiskinan Tinggi,22.52747252747253,15.384615384615383,3.8461538461538463,6.593406593406594,0.403542,Ekonomi,Prioritas bantuan tunai (PKH/BLT)
66,Kikim Selatan,Karang Cahaya,Kemiskinan Tinggi,20.40816326530612,13.26530612244898,5.1020408163265305,8.16326530612245,0.40314,Administratif/Cakupan,Prioritas survei/pemutakhiran data (musdes)
67,Kikim Selatan,Tanjung Beringin,Kemiskinan Tinggi,20.044052863436125,16.079295154185022,4.405286343612335,12.995594713656388,0.402382,Ekonomi,Prioritas bantuan tunai (PKH/BLT)
68,Merapi Selatan,Lubuk Pedaro,Kemiskinan Sedang,15.384615384615383,19.65811965811966,5.555555555555555,10.256410256410255,0.402058,Administratif/Cakupan,Prioritas survei/pemutakhiran data (musdes)
69,Pagar Gunung,Bandung Agung,Kemiskinan Sedang,17.050691244239633,23.04147465437788,3.686635944700461,6.912442396313365,0.399698,Ekonomi,Bantuan pangan + pemberdayaan ekonomi mikro
70,Lahat,Pagar Negara,Kemiskinan Sedang,17.05989110707804,11.978221415607983,5.807622504537205,9.25589836660617,0.398207,Administratif/Cakupan,Prioritas survei/pemutakhiran data (musdes)
71,Mulak Ulu,Mengkenang,Kemiskinan Sedang,23.516949152542374,16.52542372881356,2.330508474576271,5.296610169491525,0.39813,Ekonomi,Bantuan pangan + pemberdayaan ekonomi mikro
72,Kikim Selatan,Nanjungan,Kemiskinan Tinggi,22.4622030237581,14.038876889848812,3.455723542116631,8.423326133909287,0.396199,Ekonomi,Prioritas bantuan tunai (PKH/BLT)
73,Jarai,Pagar Dewa,Kemiskinan Sedang,19.587628865979383,17.869415807560138,3.7800687285223367,8.24742268041237,0.396144,Ekonomi,Bantuan pangan + pemberdayaan ekonomi mikro
74,Mulak Ulu,Penindayan,Kemiskinan Sedang,19.42446043165468,28.776978417266186,0.7194244604316548,5.035971223021583,0.395783,Ekonomi,Bantuan pangan + pemberdayaan ekonomi mikro
75,Tanjungtebat,Tanjung Baru,Kemiskinan Tinggi,21.62162162162162,12.612612612612612,4.054054054054054,6.756756756756757,0.394326,Ekonomi,Prioritas bantuan tunai (PKH/BLT)
76,Pagar Gunung,Karang Agung,Kemiskinan Tinggi,18.181818181818183,18.808777429467085,4.702194357366771,10.031347962382444,0.390908,Administratif/Cakupan,Prioritas survei/pemutakhiran data (musdes)
77,Pagar Gunung,Germidar Ulu,Kemiskinan Sedang,19.86754966887417,15.2317880794702,3.3112582781456954,10.596026490066226,0.39066,Ekonomi,Bantuan pangan + pemberdayaan ekonomi mikro
78,Gumay Talang,Tanjung Periuk,Kemiskinan Sedang,23.64864864864865,11.486486486486488,2.702702702702702,6.756756756756757,0.390572,Ekonomi,Bantuan pangan + pemberdayaan ekonomi mikro
79,Mulak Sebingkai,Jadian Lama,Kemiskinan Sedang,23.48993288590604,16.10738255033557,2.013422818791946,7.38255033557047,0.390518,Ekonomi,Bantuan pangan + pemberdayaan ekonomi mikro
80,Gumay Talang,Tanah Pilih,Kemiskinan Sedang,22.03023758099352,14.038876889848812,2.8077753779697625,7.775377969762419,0.389203,Ekonomi,Bantuan pangan + pemberdayaan ekonomi mikro
81,Kikim Timur,Lubuk Layang Ilir,Kemiskinan Tinggi,15.422885572139302,13.432835820895525,6.965174129353234,9.45273631840796,0.389197,Administratif/Cakupan,Prioritas survei/pemutakhiran data (musdes)
82,Jarai,Gunung Raya,Kemiskinan Tinggi,23.72093023255814,10.232558139534884,3.255813953488372,4.186046511627907,0.388236,Ekonomi,Prioritas bantuan tunai (PKH/BLT)
83,Pseksu,Lubuk Tuba,Kemiskinan Tinggi,17.857142857142858,15.178571428571429,4.464285714285714,10.714285714285714,0.387441,Ekonomi,Prioritas bantuan tunai (PKH/BLT)
84,Merapi Barat,Karang Rejo,Kemiskinan Sedang,18.84057971014493,16.666666666666664,4.3478260869565215,9.420289855072465,0.387415,Ekonomi,Bantuan pangan + pemberdayaan ekonomi mikro
85,Lahat Selatan,Talang Sawah,Kemiskinan Sedang,20.0,20.0,2.4,2.0,0.386789,Ekonomi,Bantuan pangan + pemberdayaan ekonomi mikro
86,Sukamerindu,Tanjung Raya,Kemiskinan Tinggi,18.12080536912752,10.738255033557047,6.04026845637584,12.08053691275168,0.386586,Administratif/Cakupan,Prioritas survei/pemutakhiran data (musdes)
87,Pajar Bulan,Talang Pagar Agung,Kemiskinan Tinggi,15.517241379310343,18.103448275862068,5.172413793103448,14.6551724137931,0.386483,Administratif/Cakupan,Prioritas survei/pemutakhiran data (musdes)
88,Jarai,Pama Salak,Kemiskinan Sedang,22.344322344322347,12.82051282051282,2.93040293040293,6.227106227106227,0.386341,Ekonomi,Bantuan pangan + pemberdayaan ekonomi mikro
89,Tanjung Sakti Pumi,Ulak Lebar,Kemiskinan Tinggi,25.229357798165136,11.46788990825688,1.834862385321101,6.422018348623854,0.383579,Ekonomi,Prioritas bantuan tunai (PKH/BLT)
90,Lahat,Senabing,Kemiskinan Tinggi,21.842105263157897,15.0,3.1578947368421053,6.315789473684211,0.383493,Ekonomi,Prioritas bantuan tunai (PKH/BLT)
91,Pajar Bulan,Pajar Tinggi,Kemiskinan Sedang,16.483516483516482,21.428571428571427,3.296703296703297,9.89010989010989,0.381903,Ekonomi,Bantuan pangan + pemberdayaan ekonomi mikro
92,Jarai,Pelajaran,Kemiskinan Tinggi,22.47191011235955,13.108614232209735,3.3707865168539324,7.490636704119851,0.38173,Ekonomi,Prioritas bantuan tunai (PKH/BLT)
93,Kikim Barat,Darma Raharja,Kemiskinan Tinggi,21.285140562249,6.425702811244979,4.819277108433735,10.040160642570282,0.381676,Administratif/Cakupan,Prioritas survei/pemutakhiran data (musdes)
94,Pagar Gunung,Batu Rusa,Kemiskinan Sedang,19.205298013245034,17.880794701986755,3.3112582781456954,7.947019867549669,0.381122,Ekonomi,Bantuan pangan + pemberdayaan ekonomi mikro
95,Pajar Bulan,Sumur,Kemiskinan Tinggi,17.372881355932204,14.83050847457627,5.508474576271186,8.47457627118644,0.380954,Administratif/Cakupan,Prioritas survei/pemutakhiran data (musdes)
96,Kikim Selatan,Banu Ayu,Kemiskinan Sedang,15.811088295687886,14.989733059548255,5.749486652977413,6.570841889117044,0.380016,Administratif/Cakupan,Prioritas survei/pemutakhiran data (musdes)
97,Lahat,Sukanegara,Kemiskinan Tinggi,16.73944687045124,12.081513828238718,6.11353711790393,7.714701601164483,0.379088,Administratif/Cakupan,Prioritas survei/pemutakhiran data (musdes)
98,Sukamerindu,Pagar Kaya,Kemiskinan Tinggi,16.666666666666664,10.75268817204301,5.913978494623656,11.29032258064516,0.378758,Administratif/Cakupan,Prioritas survei/pemutakhiran data (musdes)
99,Kikim Tengah,Maspura,Kemiskinan Rendah,6.153846153846154,12.307692307692308,10.0,16.923076923076923,0.37814,Administratif/Cakupan,Prioritas survei/pemutakhiran data (musdes)
100,Merapi Selatan,Suka Merindu,Kemiskinan Sedang,17.88617886178862,23.98373983739837,2.4390243902439024,9.75609756097561,0.377866,Ekonomi,Bantuan pangan + pemberdayaan ekonomi mikro
101,Merapi Selatan,Talang Akar,Kemiskinan Tinggi,21.49532710280374,20.5607476635514,1.8691588785046729,8.411214953271028,0.37739,Ekonomi,Prioritas bantuan tunai (PKH/BLT)
102,Pajar Bulan,Talang Baru,Kemiskinan Sedang,16.8141592920354,22.12389380530973,2.6548672566371683,10.619469026548671,0.377127,Ekonomi,Bantuan pangan + pemberdayaan ekonomi mikro
103,Kikim Barat,Suka Bakti,Kemiskinan Rendah,15.476190476190476,5.357142857142857,7.738095238095238,6.547619047619048,0.377091,Administratif/Cakupan,Prioritas survei/pemutakhiran data (musdes)
104,Merapi Selatan,Padang,Kemiskinan Tinggi,20.151133501259448,16.876574307304786,3.27455919395466,11.586901763224182,0.376735,Ekonomi,Prioritas bantuan tunai (PKH/BLT)
105,Gumay Ulu,Sumber Karya,Kemiskinan Tinggi,20.57971014492753,11.014492753623188,4.63768115942029,6.666666666666667,0.376637,Ekonomi,Prioritas bantuan tunai (PKH/BLT)
106,Jarai,Sukananti,Kemiskinan Sedang,18.253968253968253,19.444444444444446,3.1746031746031744,5.555555555555555,0.37575,Ekonomi,Bantuan pangan + pemberdayaan ekonomi mikro
107,Pajar Bulan,Kota Raya Lembak,Kemiskinan Tinggi,16.312056737588655,18.43971631205673,4.964539007092199,9.574468085106384,0.375487,Administratif/Cakupan,Prioritas survei/pemutakhiran data (musdes)
108,Mulak Ulu,Pajar Bulan,Kemiskinan Sedang,20.67039106145252,15.363128491620111,2.793296089385475,6.145251396648044,0.375314,Ekonomi,Bantuan pangan + pemberdayaan ekonomi mikro
109,Kikim Selatan,Beriningin Jaya,Kemiskinan Tinggi,21.06382978723404,15.95744680851064,3.191489361702128,9.787234042553193,0.374746,Ekonomi,Prioritas bantuan tunai (PKH/BLT)
110,Gumay Ulu,Padang Gumay,Kemiskinan Sedang,12.962962962962962,17.59259259259259,5.555555555555555,6.481481481481481,0.374616,Administratif/Cakupan,Prioritas survei/pemutakhiran data (musdes)
111,Tanjung Sakti Pumi,Pulau Panas,Kemiskinan Sedang,18.08510638297873,17.5531914893617,3.723404255319149,6.382978723404255,0.373237,Ekonomi,Bantuan pangan + pemberdayaan ekonomi mikro
112,Pajar Bulan,Kota Raya Darat,Kemiskinan Sedang,22.58064516129032,15.591397849462366,1.6129032258064515,6.451612903225806,0.373083,Ekonomi,Bantuan pangan + pemberdayaan ekonomi mikro
113,Tanjungtebat,Tanjung Menang,Kemiskinan Tinggi,15.991471215351812,14.498933901918976,5.543710021321962,9.808102345415778,0.371633,Administratif/Cakupan,Prioritas survei/pemutakhiran data (musdes)
114,Merapi Selatan,Lubuk Betung,Kemiskinan Sedang,15.548281505728315,26.186579378068743,1.800327332242226,8.346972176759412,0.369692,Ekonomi,Bantuan pangan + pemberdayaan ekonomi mikro
115,Merapi Timur,Lebuay Bandung,Kemiskinan Rendah,5.852417302798982,10.432569974554708,9.923664122137405,9.16030534351145,0.368728,Administratif/Cakupan,Prioritas survei/pemutakhiran data (musdes)
116,Tanjung Sakti Pumi,Benteng,Kemiskinan Sedang,15.060240963855422,14.457831325301203,4.819277108433735,4.819277108433735,0.368397,Administratif/Cakupan,Prioritas survei/pemutakhiran data (musdes)
117,Pseksu,Penandingan,Kemiskinan Tinggi,17.24137931034483,12.643678160919542,5.172413793103448,9.770114942528735,0.367915,Administratif/Cakupan,Prioritas survei/pemutakhiran data (musdes)
118,Mulak Ulu,Datar Balam,Kemiskinan Tinggi,17.763157894736842,15.13157894736842,4.276315789473684,10.855263157894738,0.367624,Ekonomi,Prioritas bantuan tunai (PKH/BLT)
119,Mulak Ulu,Geramat,Kemiskinan Sedang,20.20460358056266,18.15856777493606,2.0460358056265986,7.41687979539642,0.367395,Ekonomi,Bantuan pangan + pemberdayaan ekonomi mikro
120,Tanjung Sakti Pumi,Lubuk Tabun,Kemiskinan Tinggi,18.77551020408164,15.510204081632653,2.857142857142857,8.16326530612245,0.366254,Ekonomi,Prioritas bantuan tunai (PKH/BLT)
121,Kikim Timur,Cecar,Kemiskinan Tinggi,17.3015873015873,16.19047619047619,4.126984126984127,8.73015873015873,0.365012,Ekonomi,Prioritas bantuan tunai (PKH/BLT)
122,Kikim Selatan,Padang Bindu,Kemiskinan Sedang,19.642857142857142,16.666666666666664,2.380952380952381,8.333333333333332,0.364051,Ekonomi,Bantuan pangan + pemberdayaan ekonomi mikro
123,Pajar Bulan,Talang Padang Tinggi,Kemiskinan Tinggi,13.06532663316583,12.060301507537687,7.035175879396985,11.55778894472362,0.363127,Administratif/Cakupan,Prioritas survei/pemutakhiran data (musdes)
124,Gumay Talang,Tanjung Baru,Kemiskinan Tinggi,20.833333333333336,15.151515151515152,2.272727272727273,10.227272727272728,0.362885,Ekonomi,Prioritas bantuan tunai (PKH/BLT)
125,Tanjung Sakti Pumi,Sindang Panjang,Kemiskinan Tinggi,14.942528735632186,13.563218390804598,5.517241379310345,8.96551724137931,0.362618,Administratif/Cakupan,Prioritas survei/pemutakhiran data (musdes)
126,Pagar Gunung,Merindu,Kemiskinan Sedang,17.557251908396946,19.083969465648856,2.2900763358778624,9.16030534351145,0.362186,Ekonomi,Bantuan pangan + pemberdayaan ekonomi mikro
127,Mulak Sebingkai,Penandingan,Kemiskinan Tinggi,15.546218487394958,28.15126050420168,2.100840336134454,9.663865546218489,0.362138,Ekonomi,Prioritas bantuan tunai (PKH/BLT)
128,Tanjung Sakti Pumi,Tanjung Bulan,Kemiskinan Tinggi,18.027210884353742,15.64625850340136,3.741496598639456,12.244897959183673,0.361902,Ekonomi,Prioritas bantuan tunai (PKH/BLT)
129,Tanjung Sakti Pumi,Gunung Kerto,Kemiskinan Tinggi,23.118279569892472,15.591397849462366,0.8064516129032258,8.333333333333332,0.361628,Ekonomi,Prioritas bantuan tunai (PKH/BLT)
130,Kikim Timur,Seronggo,Kemiskinan Tinggi,15.460526315789474,12.828947368421051,5.592105263157895,6.907894736842106,0.360824,Administratif/Cakupan,Prioritas survei/pemutakhiran data (musdes)
131,Pajar Bulan,Tongkok,Kemiskinan Sedang,15.458937198067632,17.14975845410628,4.1062801932367154,7.971014492753622,0.360027,Ekonomi,Bantuan pangan + pemberdayaan ekonomi mikro
132,Tanjung Sakti Pumi,Lubuk Dalam,Kemiskinan Sedang,13.492063492063492,21.825396825396822,2.7777777777777777,11.11111111111111,0.357312,Ekonomi,Bantuan pangan + pemberdayaan ekonomi mikro
133,Sukamerindu,Rambai Kaca,Kemiskinan Sedang,14.069591527987896,14.674735249621785,5.446293494704992,9.228441754916792,0.35703,Administratif/Cakupan,Prioritas survei/pemutakhiran data (musdes)
134,Gumay Ulu,Tanjung Raja,Kemiskinan Tinggi,20.833333333333336,11.904761904761903,2.380952380952381,9.523809523809524,0.356731,Ekonomi,Prioritas bantuan tunai (PKH/BLT)
135,Pagar Gunung,Lesung Batu,Kemiskinan Sedang,21.0412147505423,14.75054229934924,1.735357917570499,8.459869848156181,0.354633,Ekonomi,Bantuan pangan + pemberdayaan ekonomi mikro
136,Kota Agung,Mutar Alam Lama,Kemiskinan Tinggi,23.52941176470588,6.862745098039216,1.96078431372549,8.823529411764707,0.354626,Ekonomi,Prioritas bantuan tunai (PKH/BLT)
137,Kikim Timur,Tanda Raja,Kemiskinan Sedang,14.44759206798867,22.379603399433428,3.39943342776204,5.099150141643059,0.354355,Ekonomi,Bantuan pangan + pemberdayaan ekonomi mikro
138,Mulak Sebingkai,Jadian Baru,Kemiskinan Tinggi,23.59550561797753,9.550561797752808,2.247191011235955,11.235955056179774,0.353868,Ekonomi,Prioritas bantuan tunai (PKH/BLT)
139,Jarai,Tanjung Menang,Kemiskinan Tinggi,16.957605985037407,18.952618453865338,3.740648379052369,7.98004987531172,0.35385,Ekonomi,Prioritas bantuan tunai (PKH/BLT)
140,Jarai,Mangun Sari,Kemiskinan Tinggi,16.751269035532996,11.505922165820644,5.076142131979696,7.2758037225042305,0.352825,Administratif/Cakupan,Prioritas survei/pemutakhiran data (musdes)
141,Tanjungtebat,Talang Jawa,Kemiskinan Tinggi,18.68131868131868,20.87912087912088,2.197802197802198,9.89010989010989,0.352613,Ekonomi,Prioritas bantuan tunai (PKH/BLT)
142,Kota Agung,Muara Gula,Kemiskinan Tinggi,18.3206106870229,18.3206106870229,2.2900763358778624,6.870229007633588,0.351374,Ekonomi,Prioritas bantuan tunai (PKH/BLT)
143,Kikim Timur,Gunung Karto,Kemiskinan Tinggi,18.37837837837838,12.162162162162163,4.324324324324325,11.891891891891891,0.351024,Ekonomi,Prioritas bantuan tunai (PKH/BLT)
144,Lahat,Talang Jawa Selatan,Kemiskinan Rendah,13.744457879887143,9.310761789600967,6.771463119709795,9.794437726723096,0.350632,Administratif/Cakupan,Prioritas survei/pemutakhiran data (musdes)
145,Merapi Timur,Lematang Jaya,Kemiskinan Sedang,14.853195164075997,19.34369602763385,3.1088082901554404,6.217616580310881,0.35007,Ekonomi,Bantuan pangan + pemberdayaan ekonomi mikro
146,Kikim Timur,Datar Serdang,Kemiskinan Tinggi,15.204678362573098,19.29824561403509,4.093567251461988,6.432748538011696,0.34674,Ekonomi,Prioritas bantuan tunai (PKH/BLT)
147,Mulak Sebingkai,Durian Dangkal,Kemiskinan Tinggi,15.705128205128204,17.94871794871795,3.8461538461538463,9.615384615384617,0.34521,Ekonomi,Prioritas bantuan tunai (PKH/BLT)
148,Pagar Gunung,Penantian,Kemiskinan Sedang,17.937219730941703,15.246636771300448,3.1390134529147984,6.278026905829597,0.344521,Ekonomi,Bantuan pangan + pemberdayaan ekonomi mikro
149,Lahat Selatan,Talang Sejemput,Kemiskinan Sedang,17.131474103585656,19.32270916334661,2.1912350597609564,5.179282868525896,0.343435,Ekonomi,Bantuan pangan + pemberdayaan ekonomi mikro
150,Pagar Gunung,Muara Dua,Kemiskinan Sedang,20.16806722689076,10.92436974789916,1.680672268907563,5.88235294117647,0.342765,Ekonomi,Bantuan pangan + pemberdayaan ekonomi mikro
151,Pagar Gunung,Sawah Darat,Kemiskinan Sedang,15.126050420168069,19.327731092436977,3.361344537815126,9.243697478991598,0.342159,Ekonomi,Bantuan pangan + pemberdayaan ekonomi mikro
152,Sukamerindu,Sukaraja,Kemiskinan Tinggi,15.867158671586717,21.771217712177123,2.214022140221402,12.915129151291511,0.34086,Ekonomi,Prioritas bantuan tunai (PKH/BLT)
153,Kikim Selatan,Pagar Jati,Kemiskinan Tinggi,15.649867374005304,11.80371352785146,4.907161803713528,8.090185676392574,0.340243,Administratif/Cakupan,Prioritas survei/pemutakhiran data (musdes)
154,Gumay Talang,Tanjung Dalam,Kemiskinan Tinggi,14.689265536723164,13.559322033898304,5.084745762711865,10.16949152542373,0.339407,Administratif/Cakupan,Prioritas survei/pemutakhiran data (musdes)
155,Pagar Gunung,Padang Pagun,Kemiskinan Sedang,15.486725663716811,18.80530973451328,3.3185840707964607,6.415929203539823,0.339199,Ekonomi,Bantuan pangan + pemberdayaan ekonomi mikro
156,Tanjungsakti Pumu,Karang Agung,Kemiskinan Tinggi,19.31464174454829,9.96884735202492,3.4267912772585665,8.411214953271028,0.337145,Ekonomi,Prioritas bantuan tunai (PKH/BLT)
157,Pajar Bulan,Talang Mengkenang,Kemiskinan Tinggi,15.476190476190476,13.095238095238097,4.761904761904762,10.714285714285714,0.335641,Administratif/Cakupan,Prioritas survei/pemutakhiran data (musdes)
158,Pulau Pinang,Pagar Batu,Kemiskinan Tinggi,11.946902654867255,15.486725663716811,5.752212389380531,7.52212389380531,0.334782,Administratif/Cakupan,Prioritas survei/pemutakhiran data (musdes)
159,Kota Agung,Tanjung Raman,Kemiskinan Tinggi,16.470588235294116,14.117647058823527,3.5294117647058822,15.294117647058824,0.332988,Ekonomi,Prioritas bantuan tunai (PKH/BLT)
160,Sukamerindu,Tanjung Agung,Kemiskinan Tinggi,19.41747572815534,9.70873786407767,3.3980582524271843,8.25242718446602,0.33172,Ekonomi,Prioritas bantuan tunai (PKH/BLT)
161,Jarai,Tertap,Kemiskinan Rendah,17.183098591549296,10.704225352112676,4.507042253521127,7.323943661971831,0.331707,Ekonomi,Bukan prioritas / pemberdayaan preventif
162,Pulau Pinang,Perigi,Kemiskinan Tinggi,17.525773195876287,18.55670103092784,2.061855670103093,10.309278350515465,0.33164,Ekonomi,Prioritas bantuan tunai (PKH/BLT)
163,Tanjungtebat,Tanjung Bai,Kemiskinan Tinggi,13.962264150943396,18.49056603773585,3.7735849056603774,11.320754716981131,0.330165,Ekonomi,Prioritas bantuan tunai (PKH/BLT)
164,Merapi Timur,Sengkuang,Kemiskinan Sedang,11.11111111111111,21.81069958847737,3.7037037037037033,7.4074074074074066,0.329683,Ekonomi,Bantuan pangan + pemberdayaan ekonomi mikro
165,Gumay Ulu,Rindu Hati,Kemiskinan Tinggi,18.79194630872483,11.073825503355703,3.02013422818792,7.718120805369128,0.328472,Ekonomi,Prioritas bantuan tunai (PKH/BLT)
166,Lahat,Pasar Lama,Kemiskinan Rendah,9.58904109589041,6.715669896424991,7.684597393919144,8.553291012362179,0.327336,Administratif/Cakupan,Prioritas survei/pemutakhiran data (musdes)
167,Kikim Selatan,Lubuk Tungkang,Kemiskinan Rendah,17.006802721088434,7.482993197278912,4.761904761904762,5.442176870748299,0.327285,Administratif/Cakupan,Prioritas survei/pemutakhiran data (musdes)
168,Mulak Ulu,Lesung Batu,Kemiskinan Sedang,16.731517509727624,17.509727626459142,1.556420233463035,4.669260700389105,0.326936,Ekonomi,Bantuan pangan + pemberdayaan ekonomi mikro
169,Tanjung Sakti Pumi,Gunung Kembang,Kemiskinan Sedang,14.14141414141414,13.131313131313131,4.545454545454546,7.575757575757576,0.326725,Ekonomi,Bantuan pangan + pemberdayaan ekonomi mikro
170,Gumay Talang,Mandi Angin,Kemiskinan Sedang,14.52513966480447,21.22905027932961,1.675977653631285,7.262569832402235,0.326667,Ekonomi,Bantuan pangan + pemberdayaan ekonomi mikro
171,Gumay Talang,Tanjung Beringin,Kemiskinan Sedang,16.022099447513813,15.469613259668508,2.7624309392265194,7.18232044198895,0.325703,Ekonomi,Bantuan pangan + pemberdayaan ekonomi mikro
172,Kikim Timur,Karang Endah,Kemiskinan Rendah,10.638297872340424,10.106382978723405,6.914893617021277,8.51063829787234,0.325375,Administratif/Cakupan,Prioritas survei/pemutakhiran data (musdes)
173,Tanjungtebat,Tanjung Kurung Ulu,Kemiskinan Tinggi,16.50943396226415,15.09433962264151,3.30188679245283,6.132075471698113,0.323543,Ekonomi,Prioritas bantuan tunai (PKH/BLT)
174,Lahat Selatan,Nantal,Kemiskinan Sedang,10.33210332103321,23.616236162361623,2.952029520295203,4.797047970479705,0.32282,Ekonomi,Bantuan pangan + pemberdayaan ekonomi mikro
175,Kikim Selatan,Jaga Baya,Kemiskinan Sedang,17.15686274509804,15.196078431372548,2.450980392156863,6.862745098039216,0.322615,Ekonomi,Bantuan pangan + pemberdayaan ekonomi mikro
176,Merapi Selatan,Tanjung Beringin,Kemiskinan Sedang,11.76470588235294,20.761245674740483,3.1141868512110724,8.996539792387544,0.321371,Ekonomi,Bantuan pangan + pemberdayaan ekonomi mikro
177,Pagar Gunung,Germidar Ilir,Kemiskinan Tinggi,13.513513513513514,17.56756756756757,4.054054054054054,6.756756756756757,0.321236,Ekonomi,Prioritas bantuan tunai (PKH/BLT)
178,Gumay Ulu,Sinjar Bulan,Kemiskinan Sedang,15.873015873015872,17.46031746031746,2.380952380952381,4.761904761904762,0.319978,Ekonomi,Bantuan pangan + pemberdayaan ekonomi mikro
179,Kota Agung,Karang Agung,Kemiskinan Tinggi,18.75,10.416666666666668,3.125,12.5,0.319572,Ekonomi,Prioritas bantuan tunai (PKH/BLT)
180,Mulak Ulu,Muara Tiga,Kemiskinan Sedang,15.52346570397112,19.494584837545126,1.8050541516245489,7.220216606498194,0.318841,Ekonomi,Bantuan pangan + pemberdayaan ekonomi mikro
181,Pajar Bulan,Ulak Bandung,Kemiskinan Tinggi,16.85823754789272,15.32567049808429,2.2988505747126435,13.026819923371647,0.318679,Ekonomi,Prioritas bantuan tunai (PKH/BLT)
182,Mulak Ulu,Sukananti,Kemiskinan Sedang,16.793893129770993,17.557251908396946,0.7633587786259541,7.633587786259542,0.317528,Ekonomi,Bantuan pangan + pemberdayaan ekonomi mikro
183,Mulak Ulu,Karang Lebak,Kemiskinan Sedang,12.592592592592592,25.925925925925924,0.7407407407407408,8.88888888888889,0.317252,Ekonomi,Bantuan pangan + pemberdayaan ekonomi mikro
184,Tanjungsakti Pumu,Kepala Siring,Kemiskinan Tinggi,15.355805243445692,13.108614232209735,4.119850187265917,10.486891385767793,0.316712,Ekonomi,Prioritas bantuan tunai (PKH/BLT)
185,Jarai,Jemaring,Kemiskinan Tinggi,18.98148148148148,10.648148148148149,2.7777777777777777,9.25925925925926,0.316089,Ekonomi,Prioritas bantuan tunai (PKH/BLT)
186,Lahat Selatan,Muara Cawang,Kemiskinan Sedang,8.98876404494382,22.47191011235955,3.932584269662921,6.741573033707865,0.316041,Ekonomi,Bantuan pangan + pemberdayaan ekonomi mikro
187,Kota Agung,Kebun Jati,Kemiskinan Sedang,17.21311475409836,13.934426229508196,1.639344262295082,8.19672131147541,0.315368,Ekonomi,Bantuan pangan + pemberdayaan ekonomi mikro
188,Pulau Pinang,Kuba,Kemiskinan Tinggi,12.014134275618376,12.014134275618376,5.653710247349824,13.780918727915196,0.315098,Administratif/Cakupan,Prioritas survei/pemutakhiran data (musdes)
189,Pseksu,Pagar Agung,Kemiskinan Rendah,18.53035143769968,11.501597444089455,3.1948881789137378,9.904153354632587,0.313896,Ekonomi,Bukan prioritas / pemberdayaan preventif
190,Lahat,Pasar Bawah,Kemiskinan Rendah,10.714285714285714,6.026785714285714,6.584821428571429,9.040178571428571,0.313575,Administratif/Cakupan,Prioritas survei/pemutakhiran data (musdes)
191,Pagar Gunung,Kupang,Kemiskinan Sedang,13.684210526315791,17.36842105263158,3.1578947368421053,8.421052631578947,0.313534,Ekonomi,Bantuan pangan + pemberdayaan ekonomi mikro
192,Pajar Bulan,Bantunan,Kemiskinan Tinggi,11.878453038674031,14.917127071823206,4.972375690607735,8.56353591160221,0.312793,Administratif/Cakupan,Prioritas survei/pemutakhiran data (musdes)
193,Kikim Timur,Gedung Agung,Kemiskinan Sedang,11.594202898550725,25.36231884057971,1.4492753623188406,2.1739130434782608,0.31095,Ekonomi,Bantuan pangan + pemberdayaan ekonomi mikro
194,Pajar Bulan,Pulau Panggung,Kemiskinan Tinggi,14.467005076142131,10.406091370558377,4.822335025380711,10.152284263959393,0.310726,Administratif/Cakupan,Prioritas survei/pemutakhiran data (musdes)
195,Tanjungsakti Pumu,Ujung Pulau,Kemiskinan Rendah,19.293478260869566,10.597826086956522,2.4456521739130435,7.336956521739131,0.310692,Ekonomi,Bukan prioritas / pemberdayaan preventif
196,Mulak Ulu,Air Puar,Kemiskinan Sedang,10.857142857142858,20.285714285714285,2.0,9.428571428571429,0.310408,Ekonomi,Bantuan pangan + pemberdayaan ekonomi mikro
197,Mulak Sebingkai,Talang Padang,Kemiskinan Sedang,9.75609756097561,25.60975609756097,0.0,7.317073170731707,0.309604,Ekonomi,Bantuan pangan + pemberdayaan ekonomi mikro
198,Tanjungtebat,Air Dingin Baru,Kemiskinan Tinggi,15.217391304347828,12.318840579710146,3.6231884057971016,13.043478260869565,0.308884,Ekonomi,Prioritas bantuan tunai (PKH/BLT)
199,Merapi Timur,Cempaka Wangi,Kemiskinan Sedang,11.515151515151516,21.21212121212121,2.727272727272727,5.757575757575758,0.308354,Ekonomi,Bantuan pangan + pemberdayaan ekonomi mikro
200,Pajar Bulan,Benua Raja,Kemiskinan Rendah,13.392857142857142,11.01190476190476,5.059523809523809,7.738095238095238,0.308291,Administratif/Cakupan,Prioritas survei/pemutakhiran data (musdes)
201,Jarai,Nanti Giri,Kemiskinan Sedang,16.623376623376622,10.649350649350648,3.116883116883117,9.090909090909092,0.307335,Ekonomi,Bantuan pangan + pemberdayaan ekonomi mikro
202,Kikim Timur,Gelumbang,Kemiskinan Tinggi,15.706806282722512,14.659685863874344,2.6178010471204187,10.471204188481677,0.306804,Ekonomi,Prioritas bantuan tunai (PKH/BLT)
203,Gumay Ulu,Lubuk Selo,Kemiskinan Rendah,16.020671834625322,10.3359173126615,3.617571059431525,5.684754521963824,0.306197,Ekonomi,Bukan prioritas / pemberdayaan preventif
204,Lahat Selatan,Kerung,Kemiskinan Sedang,13.2013201320132,23.1023102310231,1.98019801980198,3.630363036303631,0.306101,Ekonomi,Bantuan pangan + pemberdayaan ekonomi mikro
205,Lahat,Gunung Gajah,Kemiskinan Rendah,10.999371464487744,6.78818353236958,6.66247642991829,7.793840351979887,0.305279,Administratif/Cakupan,Prioritas survei/pemutakhiran data (musdes)
206,Tanjungsakti Pumu,Suban,Kemiskinan Tinggi,15.895953757225437,10.404624277456648,3.4682080924855487,8.092485549132949,0.304671,Ekonomi,Prioritas bantuan tunai (PKH/BLT)
207,Gumay Talang,Suka Makmur,Kemiskinan Rendah,12.25710014947683,5.082212257100149,6.278026905829597,6.726457399103139,0.304574,Administratif/Cakupan,Prioritas survei/pemutakhiran data (musdes)
208,Tanjung Sakti Pumi,Gunung Agung,Kemiskinan Sedang,11.297071129707112,15.481171548117151,4.184100418410042,7.531380753138076,0.303302,Ekonomi,Bantuan pangan + pemberdayaan ekonomi mikro
209,Mulak Ulu,Padang Masat,Kemiskinan Tinggi,18.30065359477124,14.37908496732026,0.6535947712418301,3.92156862745098,0.303031,Ekonomi,Prioritas bantuan tunai (PKH/BLT)
210,Mulak Sebingkai,Padang Bindu,Kemiskinan Tinggi,14.201183431952662,16.56804733727811,2.9585798816568047,6.508875739644971,0.30265,Ekonomi,Prioritas bantuan tunai (PKH/BLT)
211,Gumay Ulu,Trans SP II Padang Muara Dua,Kemiskinan Rendah,19.021739130434785,10.326086956521738,2.1739130434782608,4.891304347826087,0.301359,Ekonomi,Bukan prioritas / pemberdayaan preventif
212,Tanjung Sakti Pumi,Masam Bulau,Kemiskinan Tinggi,16.766467065868262,12.275449101796406,2.694610778443114,6.88622754491018,0.300905,Ekonomi,Prioritas bantuan tunai (PKH/BLT)
213,Merapi Timur,Nanjungan,Kemiskinan Rendah,5.806451612903226,12.258064516129032,6.451612903225806,7.096774193548387,0.300765,Administratif/Cakupan,Prioritas survei/pemutakhiran data (musdes)
214,Kikim Timur,Gunung Kembang,Kemiskinan Tinggi,15.29051987767584,18.04281345565749,1.834862385321101,11.62079510703364,0.29962,Ekonomi,Prioritas bantuan tunai (PKH/BLT)
215,Pagar Gunung,Air Lingkar,Kemiskinan Sedang,11.702127659574469,16.75531914893617,2.127659574468085,5.053191489361701,0.299542,Ekonomi,Bantuan pangan + pemberdayaan ekonomi mikro
216,Pajar Bulan,Pulau,Kemiskinan Rendah,12.953367875647666,17.616580310880828,3.6269430051813454,5.181347150259067,0.299413,Ekonomi,Bukan prioritas / pemberdayaan preventif
217,Sukamerindu,Guru Agung,Kemiskinan Tinggi,14.85148514851485,11.55115511551155,3.96039603960396,8.25082508250825,0.299282,Ekonomi,Prioritas bantuan tunai (PKH/BLT)
218,Lahat,Padang Lengkuas,Kemiskinan Tinggi,13.108614232209735,10.112359550561797,4.868913857677903,11.610486891385769,0.298978,Administratif/Cakupan,Prioritas survei/pemutakhiran data (musdes)
219,Kota Agung,Sukarami,Kemiskinan Sedang,10.95890410958904,15.616438356164384,4.10958904109589,10.684931506849315,0.297825,Ekonomi,Bantuan pangan + pemberdayaan ekonomi mikro
220,Pajar Bulan,Talang Tangsi,Kemiskinan Tinggi,18.05555555555556,11.11111111111111,1.3888888888888888,8.333333333333332,0.297151,Ekonomi,Prioritas bantuan tunai (PKH/BLT)
221,Kikim Timur,Babat Lama,Kemiskinan Rendah,14.50381679389313,12.213740458015266,3.816793893129771,3.816793893129771,0.297134,Ekonomi,Bukan prioritas / pemberdayaan preventif
222,Tanjungsakti Pumu,Gunung Meraksa,Kemiskinan Tinggi,17.286652078774615,8.315098468271334,3.063457330415755,11.159737417943107,0.297123,Ekonomi,Prioritas bantuan tunai (PKH/BLT)
223,Mulak Sebingkai,Talang Berangin,Kemiskinan Rendah,16.23931623931624,11.11111111111111,3.418803418803419,6.837606837606838,0.296437,Ekonomi,Bukan prioritas / pemberdayaan preventif
224,Tanjung Sakti Pumi,Pulau Panggung,Kemiskinan Sedang,9.549071618037134,16.710875331564985,3.978779840848806,10.079575596816976,0.294594,Ekonomi,Bantuan pangan + pemberdayaan ekonomi mikro
225,Tanjungtebat,TanjungTebat,Kemiskinan Sedang,8.695652173913043,14.782608695652174,3.4782608695652173,6.956521739130435,0.293263,Ekonomi,Bantuan pangan + pemberdayaan ekonomi mikro
226,Mulak Ulu,Pengentaan,Kemiskinan Sedang,10.20408163265306,22.95918367346939,1.530612244897959,6.122448979591836,0.28966,Ekonomi,Bantuan pangan + pemberdayaan ekonomi mikro
227,Sukamerindu,Karang Caya,Kemiskinan Rendah,9.66183574879227,9.420289855072465,5.797101449275362,7.246376811594203,0.289339,Administratif/Cakupan,Prioritas survei/pemutakhiran data (musdes)
228,Pagar Gunung,Tanjung Agung,Kemiskinan Tinggi,14.351851851851851,15.50925925925926,2.7777777777777777,6.944444444444445,0.288945,Ekonomi,Prioritas bantuan tunai (PKH/BLT)
229,Sukamerindu,Kapitan,Kemiskinan Tinggi,9.352517985611511,7.194244604316546,5.755395683453238,12.949640287769784,0.288934,Administratif/Cakupan,Prioritas survei/pemutakhiran data (musdes)
230,Merapi Timur,Gedung Agung,Kemiskinan Sedang,8.388704318936876,16.611295681063122,4.069767441860465,9.30232558139535,0.288735,Ekonomi,Bantuan pangan + pemberdayaan ekonomi mikro
231,Pagar Gunung,Pagar Alam,Kemiskinan Tinggi,17.75700934579439,11.214953271028037,0.9345794392523364,6.5420560747663545,0.287868,Ekonomi,Prioritas bantuan tunai (PKH/BLT)
232,Tanjungsakti Pumu,Gunung Ayu,Kemiskinan Tinggi,15.27777777777778,13.88888888888889,2.430555555555556,10.069444444444445,0.287144,Ekonomi,Prioritas bantuan tunai (PKH/BLT)
233,Kota Agung,Singapure,Kemiskinan Tinggi,17.708333333333336,8.854166666666668,2.083333333333333,8.854166666666668,0.286426,Ekonomi,Prioritas bantuan tunai (PKH/BLT)
234,Kikim Timur,Kencana Sari,Kemiskinan Rendah,15.43778801843318,11.059907834101384,3.225806451612903,3.9170506912442393,0.284553,Ekonomi,Bukan prioritas / pemberdayaan preventif
235,Kikim Selatan,Tanjung Alam,Kemiskinan Rendah,11.612903225806452,7.419354838709677,5.483870967741936,6.451612903225806,0.284413,Administratif/Cakupan,Prioritas survei/pemutakhiran data (musdes)
236,Mulak Sebingkai,Lubuk Dendan,Kemiskinan Tinggi,16.748768472906402,13.79310344827586,1.477832512315271,5.911330049261084,0.284236,Ekonomi,Prioritas bantuan tunai (PKH/BLT)
237,Kikim Barat,Singapura,Kemiskinan Rendah,11.3314447592068,6.232294617563739,5.6657223796034,7.365439093484419,0.284117,Administratif/Cakupan,Prioritas survei/pemutakhiran data (musdes)
238,Kikim Timur,Patikal Baru,Kemiskinan Sedang,7.926829268292683,18.29268292682927,3.658536585365853,3.658536585365853,0.284088,Ekonomi,Bantuan pangan + pemberdayaan ekonomi mikro
239,Lahat Selatan,Tanjung Tebat,Kemiskinan Sedang,7.05521472392638,14.417177914110429,3.987730061349693,5.214723926380368,0.284062,Ekonomi,Bantuan pangan + pemberdayaan ekonomi mikro
240,Lahat,Giri Mulya,Kemiskinan Sedang,13.648293963254591,11.548556430446194,2.6246719160104988,5.511811023622047,0.283145,Ekonomi,Bantuan pangan + pemberdayaan ekonomi mikro
241,Kota Agung,Gedung Agung,Kemiskinan Sedang,10.784313725490197,17.647058823529413,1.4705882352941175,7.352941176470589,0.282748,Ekonomi,Bantuan pangan + pemberdayaan ekonomi mikro
242,Kikim Timur,Bunga Mas,Kemiskinan Rendah,11.224489795918368,11.83673469387755,5.0,8.571428571428571,0.282558,Administratif/Cakupan,Prioritas survei/pemutakhiran data (musdes)
243,Pajar Bulan,Jenti'an,Kemiskinan Tinggi,14.62264150943396,12.264150943396226,3.30188679245283,9.433962264150944,0.282226,Ekonomi,Prioritas bantuan tunai (PKH/BLT)
244,Kikim Timur,Tanjung Bindu,Kemiskinan Sedang,10.48951048951049,11.888111888111888,4.195804195804196,4.895104895104895,0.282082,Ekonomi,Bantuan pangan + pemberdayaan ekonomi mikro
245,Gumay Talang,Indikat Ilir,Kemiskinan Rendah,16.2839248434238,7.724425887265135,2.9227557411273484,7.933194154488518,0.2819,Ekonomi,Bukan prioritas / pemberdayaan preventif
246,Kikim Barat,Purworejo,Kemiskinan Rendah,12.903225806451612,5.529953917050691,5.0691244239631335,8.294930875576037,0.280779,Administratif/Cakupan,Prioritas survei/pemutakhiran data (musdes)
247,Kikim Timur,Patikal Lama,Kemiskinan Tinggi,13.78299120234604,12.903225806451612,3.225806451612903,8.504398826979472,0.279661,Ekonomi,Prioritas bantuan tunai (PKH/BLT)
248,Kikim Timur,Lubuk Tapang,Kemiskinan Rendah,13.302752293577983,13.761467889908255,3.211009174311927,5.963302752293578,0.279647,Ekonomi,Bukan prioritas / pemberdayaan preventif
249,Pulau Pinang,Lubuk Sepang,Kemiskinan Sedang,13.692946058091287,16.59751037344398,2.0746887966804977,7.053941908713693,0.279074,Ekonomi,Bantuan pangan + pemberdayaan ekonomi mikro
250,Gumay Ulu,Tinggi Hari,Kemiskinan Sedang,14.85148514851485,9.9009900990099,1.98019801980198,3.96039603960396,0.278867,Ekonomi,Bantuan pangan + pemberdayaan ekonomi mikro
251,Merapi Timur,Arahan,Kemiskinan Rendah,6.594488188976378,13.582677165354331,5.413385826771654,8.267716535433072,0.277714,Administratif/Cakupan,Prioritas survei/pemutakhiran data (musdes)
252,Kikim Tengah,Tanjung Aur,Kemiskinan Rendah,9.120521172638435,7.247557003257329,6.188925081433225,10.749185667752444,0.277201,Administratif/Cakupan,Prioritas survei/pemutakhiran data (musdes)
253,Tanjungtebat,Air Dingin Lama,Kemiskinan Tinggi,11.39240506329114,22.15189873417721,1.2658227848101269,9.49367088607595,0.275888,Ekonomi,Prioritas bantuan tunai (PKH/BLT)
254,Lahat,Talang Jawa Utara,Kemiskinan Rendah,8.339429407461594,9.070958302852963,5.779078273591807,8.339429407461594,0.275685,Administratif/Cakupan,Prioritas survei/pemutakhiran data (musdes)
255,Gumay Ulu,Simpur,Kemiskinan Rendah,11.688311688311687,7.142857142857142,4.545454545454546,10.38961038961039,0.275185,Ekonomi,Bukan prioritas / pemberdayaan preventif
256,Merapi Timur,Muara Lawai,Kemiskinan Sedang,6.0,10.909090909090908,5.454545454545454,6.363636363636363,0.274879,Administratif/Cakupan,Prioritas survei/pemutakhiran data (musdes)
257,Tanjung Sakti Pumi,Pajar Bulan,Kemiskinan Rendah,8.027522935779817,14.449541284403669,4.587155963302752,7.110091743119266,0.274543,Ekonomi,Bukan prioritas / pemberdayaan preventif
258,Gumay Talang,Ngalam Baru,Kemiskinan Sedang,13.084112149532707,12.77258566978193,2.4922118380062304,6.853582554517133,0.273786,Ekonomi,Bantuan pangan + pemberdayaan ekonomi mikro
259,Lahat,Bandar Agung,Kemiskinan Rendah,3.6908077994428967,3.447075208913649,7.520891364902507,7.103064066852367,0.272938,Administratif/Cakupan,Prioritas survei/pemutakhiran data (musdes)
260,Kikim Timur,Batu Urip,Kemiskinan Rendah,12.12121212121212,8.712121212121213,4.545454545454546,7.196969696969697,0.271388,Ekonomi,Bukan prioritas / pemberdayaan preventif
261,Sukamerindu,Gunung liwat,Kemiskinan Rendah,11.11111111111111,12.777777777777777,4.444444444444445,9.444444444444445,0.270274,Ekonomi,Bukan prioritas / pemberdayaan preventif
262,Lahat Selatan,Karang Baru,Kemiskinan Sedang,8.430232558139535,18.023255813953487,2.9069767441860463,3.77906976744186,0.269931,Ekonomi,Bantuan pangan + pemberdayaan ekonomi mikro
263,Mulak Ulu,Babatan,Kemiskinan Rendah,14.285714285714285,14.285714285714285,2.6785714285714284,6.25,0.269567,Ekonomi,Bukan prioritas / pemberdayaan preventif
264,Tanjungsakti Pumu,Kembang Ayun,Kemiskinan Sedang,15.165876777251183,9.004739336492891,2.3696682464454977,5.213270142180095,0.269035,Ekonomi,Bantuan pangan + pemberdayaan ekonomi mikro
265,Tanjungsakti Pumu,Simpang III Pumu,Kemiskinan Rendah,6.066176470588236,6.4338235294117645,6.4338235294117645,9.558823529411764,0.268775,Administratif/Cakupan,Prioritas survei/pemutakhiran data (musdes)
266,Kota Agung,Lawang Agung,Kemiskinan Sedang,13.846153846153848,14.871794871794872,2.051282051282051,8.205128205128204,0.268053,Ekonomi,Bantuan pangan + pemberdayaan ekonomi mikro
267,Tanjungsakti Pumu,Tanjung Alam,Kemiskinan Rendah,13.37719298245614,8.991228070175438,3.947368421052632,8.333333333333332,0.266633,Ekonomi,Bukan prioritas / pemberdayaan preventif
268,Pseksu,Tanjung Raya,Kemiskinan Rendah,13.333333333333334,15.416666666666668,2.9166666666666665,4.166666666666666,0.266235,Ekonomi,Bukan prioritas / pemberdayaan preventif
269,Lahat,Ulak Mas,Kemiskinan Rendah,9.393939393939393,10.606060606060606,5.151515151515151,9.090909090909092,0.266108,Administratif/Cakupan,Prioritas survei/pemutakhiran data (musdes)
270,Kikim Timur,Muara Danau,Kemiskinan Tinggi,14.619883040935672,11.11111111111111,2.3391812865497075,7.602339181286549,0.265105,Ekonomi,Prioritas bantuan tunai (PKH/BLT)
271,Gumay Talang,Batay,Kemiskinan Sedang,8.108108108108109,13.175675675675674,3.716216216216216,8.445945945945946,0.263788,Ekonomi,Bantuan pangan + pemberdayaan ekonomi mikro
272,Pulau Pinang,Tanjung Sirih,Kemiskinan Tinggi,12.312312312312311,11.711711711711713,3.303303303303303,10.81081081081081,0.261067,Ekonomi,Prioritas bantuan tunai (PKH/BLT)
273,Kota Agung,Mutar Alam Baru,Kemiskinan Sedang,12.280701754385964,8.771929824561402,0.8771929824561403,7.894736842105263,0.260117,Ekonomi,Bantuan pangan + pemberdayaan ekonomi mikro
274,Lahat,Kota Jaya,Kemiskinan Rendah,11.55778894472362,9.346733668341708,3.919597989949749,7.63819095477387,0.25981,Ekonomi,Bukan prioritas / pemberdayaan preventif
275,Mulak Sebingkai,Danau Belidang,Kemiskinan Rendah,8.771929824561402,17.543859649122805,3.508771929824561,8.187134502923977,0.25957,Ekonomi,Bukan prioritas / pemberdayaan preventif
276,Merapi Barat,Karang Endah,Kemiskinan Rendah,11.224489795918368,7.142857142857142,4.761904761904762,8.843537414965986,0.259423,Administratif/Cakupan,Prioritas survei/pemutakhiran data (musdes)
277,Gumay Ulu,Tanjung Aur,Kemiskinan Tinggi,12.605042016806722,15.966386554621849,1.680672268907563,7.563025210084033,0.258397,Ekonomi,Prioritas bantuan tunai (PKH/BLT)
278,Mulak Ulu,Sengkuang,Kemiskinan Sedang,13.580246913580249,14.814814814814811,0.0,2.469135802469136,0.258045,Ekonomi,Bantuan pangan + pemberdayaan ekonomi mikro
279,Lahat,Kota Baru,Kemiskinan Rendah,5.57134735645253,9.835133598635588,5.6850483229107445,6.935758953951108,0.257498,Administratif/Cakupan,Prioritas survei/pemutakhiran data (musdes)
280,Kikim Timur,Lubuk Layang Ulu,Kemiskinan Sedang,10.679611650485436,16.50485436893204,1.4563106796116505,3.3980582524271843,0.256531,Ekonomi,Bantuan pangan + pemberdayaan ekonomi mikro
281,Lahat,Bandar Jaya,Kemiskinan Rendah,3.164961636828645,2.749360613810742,7.065217391304348,7.19309462915601,0.256507,Administratif/Cakupan,Prioritas survei/pemutakhiran data (musdes)
282,Pajar Bulan,Suka Bumi,Kemiskinan Sedang,9.278350515463918,11.34020618556701,1.0309278350515465,10.309278350515465,0.25548,Ekonomi,Bantuan pangan + pemberdayaan ekonomi mikro
283,Pagar Gunung,Danau,Kemiskinan Rendah,14.17910447761194,14.17910447761194,1.4925373134328357,6.7164179104477615,0.254877,Ekonomi,Bukan prioritas / pemberdayaan preventif
284,Lahat Selatan,Karang Anyar,Kemiskinan Rendah,7.420494699646643,13.427561837455832,4.593639575971731,4.946996466431095,0.254768,Ekonomi,Bukan prioritas / pemberdayaan preventif
285,Kikim Barat,Jajaran Baru,Kemiskinan Rendah,9.505703422053232,7.224334600760455,5.323193916349809,8.745247148288973,0.254729,Administratif/Cakupan,Prioritas survei/pemutakhiran data (musdes)
286,Kota Agung,Karang Endah,Kemiskinan Rendah,16.352201257861633,7.547169811320755,1.257861635220126,3.7735849056603774,0.251819,Ekonomi,Bukan prioritas / pemberdayaan preventif
287,Merapi Barat,Tanjung Pinang,Kemiskinan Rendah,9.973753280839896,15.485564304461944,3.4120734908136483,8.398950131233596,0.250873,Ekonomi,Bukan prioritas / pemberdayaan preventif
288,Kota Agung,Suka Raja,Kemiskinan Rendah,9.859154929577464,7.746478873239436,4.929577464788732,7.746478873239436,0.250244,Administratif/Cakupan,Prioritas survei/pemutakhiran data (musdes)
289,Kikim Timur,Sendawar,Kemiskinan Tinggi,13.23529411764706,8.823529411764707,2.941176470588235,13.970588235294118,0.249877,Ekonomi,Prioritas bantuan tunai (PKH/BLT)
290,Tanjungsakti Pumu,Genting,Kemiskinan Tinggi,13.8996138996139,15.444015444015443,0.7722007722007722,7.722007722007722,0.249513,Ekonomi,Prioritas bantuan tunai (PKH/BLT)
291,Lahat,Makarti Tama,Kemiskinan Sedang,11.08433734939759,9.156626506024097,3.132530120481928,7.710843373493977,0.248497,Ekonomi,Bantuan pangan + pemberdayaan ekonomi mikro
292,Kikim Tengah,Suka Raja,Kemiskinan Rendah,12.727272727272728,11.818181818181818,2.727272727272727,2.727272727272727,0.247686,Ekonomi,Bukan prioritas / pemberdayaan preventif
293,Kikim Barat,Penantian,Kemiskinan Rendah,11.055276381909549,8.542713567839195,4.0201005025125625,9.045226130653267,0.246189,Ekonomi,Bukan prioritas / pemberdayaan preventif
294,Kota Agung,Pandan Arang Ulu,Kemiskinan Rendah,13.934426229508196,13.934426229508196,1.639344262295082,3.278688524590164,0.246067,Ekonomi,Bukan prioritas / pemberdayaan preventif
295,Tanjungsakti Pumu,Batu Rancing,Kemiskinan Sedang,13.963963963963964,11.711711711711713,1.351351351351351,6.756756756756757,0.245237,Ekonomi,Bantuan pangan + pemberdayaan ekonomi mikro
296,Jarai,Aromantai,Kemiskinan Sedang,10.44776119402985,9.25373134328358,3.2835820895522385,4.477611940298507,0.245113,Ekonomi,Bantuan pangan + pemberdayaan ekonomi mikro
297,Kota Agung,Gunung Liwat,Kemiskinan Sedang,12.727272727272728,10.909090909090908,0.0,3.636363636363636,0.24455,Ekonomi,Bantuan pangan + pemberdayaan ekonomi mikro
298,Kikim Barat,Saung Naga,Kemiskinan Rendah,7.291666666666667,6.597222222222222,5.208333333333334,7.986111111111111,0.244143,Administratif/Cakupan,Prioritas survei/pemutakhiran data (musdes)
299,Kota Agung,Bintuhan,Kemiskinan Sedang,12.5,15.27777777777778,0.0,5.555555555555555,0.241357,Ekonomi,Bantuan pangan + pemberdayaan ekonomi mikro
300,Pagar Gunung,Kedaton,Kemiskinan Rendah,7.052896725440807,10.831234256926953,4.785894206549118,10.075566750629724,0.24121,Administratif/Cakupan,Prioritas survei/pemutakhiran data (musdes)
301,Lahat,RD. PJKA,Kemiskinan Rendah,7.03125,6.138392857142857,5.46875,8.705357142857142,0.23948,Administratif/Cakupan,Prioritas survei/pemutakhiran data (musdes)
302,Kikim Timur,Binjai,Kemiskinan Rendah,8.904109589041095,6.849315068493151,4.794520547945205,5.47945205479452,0.238846,Administratif/Cakupan,Prioritas survei/pemutakhiran data (musdes)
303,Merapi Timur,Banjar Sari,Kemiskinan Rendah,7.855361596009976,6.857855361596011,5.236907730673317,10.723192019950124,0.237631,Administratif/Cakupan,Prioritas survei/pemutakhiran data (musdes)
304,Merapi Timur,Tanjung Jambu,Kemiskinan Rendah,5.604203152364273,9.457092819614711,4.903677758318739,10.683012259194395,0.235194,Administratif/Cakupan,Prioritas survei/pemutakhiran data (musdes)
305,Kikim Timur,Marga Mulya,Kemiskinan Rendah,10.364464692482915,10.82004555808656,3.189066059225513,5.353075170842825,0.234973,Ekonomi,Bukan prioritas / pemberdayaan preventif
306,Lahat Selatan,Banjar Negara,Kemiskinan Rendah,7.82608695652174,9.565217391304348,4.3478260869565215,7.82608695652174,0.234877,Ekonomi,Bukan prioritas / pemberdayaan preventif
307,Tanjungtebat,Muara Danau,Kemiskinan Sedang,8.695652173913043,13.526570048309178,1.932367149758454,11.11111111111111,0.232456,Ekonomi,Bantuan pangan + pemberdayaan ekonomi mikro
308,Merapi Barat,Suka Cinta,Kemiskinan Sedang,10.227272727272728,12.045454545454543,2.5,7.045454545454545,0.231324,Ekonomi,Bantuan pangan + pemberdayaan ekonomi mikro
309,Kota Agung,Tebat Langsat,Kemiskinan Rendah,11.76470588235294,13.725490196078432,0.9803921568627452,5.88235294117647,0.22966,Ekonomi,Bukan prioritas / pemberdayaan preventif
310,Kikim Selatan,Sirah Pulau,Kemiskinan Rendah,12.643678160919542,12.06896551724138,1.7241379310344829,8.620689655172415,0.226917,Ekonomi,Bukan prioritas / pemberdayaan preventif
311,Kikim Timur,Padu Raksa,Kemiskinan Rendah,8.902077151335313,10.089020771513352,3.2640949554896146,6.231454005934718,0.225242,Ekonomi,Bukan prioritas / pemberdayaan preventif
312,Merapi Barat,Negeri Agung,Kemiskinan Rendah,8.333333333333332,11.805555555555555,3.4722222222222223,5.208333333333334,0.224494,Ekonomi,Bukan prioritas / pemberdayaan preventif
313,Pulau Pinang,Jati,Kemiskinan Rendah,6.799336650082918,7.79436152570481,4.643449419568822,9.286898839137644,0.224418,Administratif/Cakupan,Prioritas survei/pemutakhiran data (musdes)
314,Kikim Tengah,Muara Lingsing,Kemiskinan Rendah,10.569105691056912,5.691056910569105,4.065040650406504,9.75609756097561,0.223497,Ekonomi,Bukan prioritas / pemberdayaan preventif
315,Kikim Tengah,Kepala Siring,Kemiskinan Rendah,10.79136690647482,12.23021582733813,2.877697841726619,5.755395683453238,0.222894,Ekonomi,Bukan prioritas / pemberdayaan preventif
316,Tanjungsakti Pumu,Gunung Raya,Kemiskinan Rendah,11.182108626198085,14.376996805111824,1.2779552715654952,4.792332268370607,0.22179,Ekonomi,Bukan prioritas / pemberdayaan preventif
317,Kikim Barat,Ulak Bandung,Kemiskinan Rendah,8.51063829787234,13.47517730496454,3.191489361702128,5.319148936170213,0.221327,Ekonomi,Bukan prioritas / pemberdayaan preventif
318,Lahat,RD. PJKA Bandar Agung,Kemiskinan Rendah,7.529411764705881,9.647058823529411,4.235294117647059,6.11764705882353,0.220073,Ekonomi,Bukan prioritas / pemberdayaan preventif
319,Kikim Barat,Wanaraya,Kemiskinan Rendah,9.396914446002803,6.732117812061711,4.207573632538569,6.591865357643759,0.219349,Ekonomi,Bukan prioritas / pemberdayaan preventif
320,Lahat,Pagar Agung,Kemiskinan Rendah,6.052115438498179,8.573830204539085,4.483048472961614,7.397029980386663,0.218234,Ekonomi,Bukan prioritas / pemberdayaan preventif
321,Kikim Barat,Lubuk Seketi,Kemiskinan Sedang,7.87037037037037,11.11111111111111,1.851851851851852,7.87037037037037,0.215065,Ekonomi,Bantuan pangan + pemberdayaan ekonomi mikro
322,Kikim Tengah,Sungai Laru,Kemiskinan Rendah,6.223628691983123,6.118143459915612,5.063291139240507,9.599156118143458,0.214927,Administratif/Cakupan,Prioritas survei/pemutakhiran data (musdes)
323,Kikim Barat,Sido Makmur,Kemiskinan Rendah,9.28462709284627,5.78386605783866,3.95738203957382,6.69710806697108,0.209463,Ekonomi,Bukan prioritas / pemberdayaan preventif
324,Kikim Timur,Cempaka Sakti,Kemiskinan Rendah,10.517241379310343,10.86206896551724,2.2413793103448274,5.517241379310345,0.20908,Ekonomi,Bukan prioritas / pemberdayaan preventif
325,Kikim Tengah,Banyu Mas,Kemiskinan Rendah,11.428571428571429,7.6190476190476195,3.1746031746031744,7.301587301587302,0.208832,Ekonomi,Bukan prioritas / pemberdayaan preventif
326,Kikim Timur,Purwaraja,Kemiskinan Rendah,9.722222222222223,10.97222222222222,2.7777777777777777,6.527777777777779,0.207982,Ekonomi,Bukan prioritas / pemberdayaan preventif
327,Kikim Barat,Babatan Baru,Kemiskinan Rendah,8.878504672897195,9.345794392523365,3.2710280373831773,7.476635514018691,0.205996,Ekonomi,Bukan prioritas / pemberdayaan preventif
328,Lahat,Lahat Tengah,Kemiskinan Rendah,3.672985781990521,6.6350710900473935,4.739336492890995,6.042654028436019,0.204867,Administratif/Cakupan,Prioritas survei/pemutakhiran data (musdes)
329,Merapi Barat,Kebur,Kemiskinan Rendah,8.774193548387096,5.032258064516129,4.0,8.258064516129032,0.203005,Ekonomi,Bukan prioritas / pemberdayaan preventif
330,Merapi Barat,Gunung Agung,Kemiskinan Rendah,7.130730050933787,7.30050933786078,3.904923599320883,6.621392190152801,0.197035,Ekonomi,Bukan prioritas / pemberdayaan preventif
331,Kikim Timur,Suka Harjo,Kemiskinan Rendah,6.504065040650407,7.804878048780488,3.577235772357724,5.203252032520325,0.196319,Ekonomi,Bukan prioritas / pemberdayaan preventif
332,Merapi Barat,Merapi,Kemiskinan Rendah,4.519774011299435,3.2015065913371,4.896421845574388,7.250470809792843,0.196239,Administratif/Cakupan,Prioritas survei/pemutakhiran data (musdes)
333,Merapi Timur,Prabu Menang,Kemiskinan Rendah,7.5403949730700175,8.43806104129264,3.7701974865350087,8.797127468581687,0.195603,Ekonomi,Bukan prioritas / pemberdayaan preventif
334,Merapi Barat,Purwosari,Kemiskinan Rendah,11.76470588235294,7.720588235294118,0.7352941176470588,4.044117647058823,0.195578,Ekonomi,Bukan prioritas / pemberdayaan preventif
335,Lahat Selatan,Tanjung Payang,Kemiskinan Rendah,4.059609455292908,8.17060637204522,4.1623843782117165,5.241521068859199,0.195429,Ekonomi,Bukan prioritas / pemberdayaan preventif
336,Kikim Barat,Purnama Sari,Kemiskinan Rendah,10.14851485148515,9.653465346534654,2.2277227722772275,6.188118811881188,0.195173,Ekonomi,Bukan prioritas / pemberdayaan preventif
337,Kikim Timur,Linggar Jaya,Kemiskinan Rendah,9.96309963099631,10.88560885608856,1.6605166051660518,9.40959409594096,0.191997,Ekonomi,Bukan prioritas / pemberdayaan preventif
338,Merapi Timur,Tanjung Lontar,Kemiskinan Rendah,5.294117647058823,13.529411764705882,2.647058823529412,7.0588235294117645,0.19114,Ekonomi,Bukan prioritas / pemberdayaan preventif
339,Tanjung Sakti Pumi,Pagar Agung,Kemiskinan Rendah,6.837606837606838,11.11111111111111,2.564102564102564,3.418803418803419,0.190451,Ekonomi,Bukan prioritas / pemberdayaan preventif
340,Merapi Barat,Suka Marga,Kemiskinan Rendah,8.91089108910891,11.22112211221122,2.31023102310231,6.930693069306932,0.190445,Ekonomi,Bukan prioritas / pemberdayaan preventif
341,Gumay Talang,Sukarami,Kemiskinan Rendah,9.06148867313916,9.70873786407767,2.26537216828479,8.090614886731391,0.190374,Ekonomi,Bukan prioritas / pemberdayaan preventif
342,Merapi Timur,Gunung Kembang,Kemiskinan Rendah,7.515473032714412,5.658709106984968,3.4482758620689653,8.753315649867375,0.189664,Ekonomi,Bukan prioritas / pemberdayaan preventif
343,Kikim Barat,Suka Merindu,Kemiskinan Rendah,7.769423558897243,6.265664160401002,3.7593984962406015,6.516290726817042,0.189198,Ekonomi,Bukan prioritas / pemberdayaan preventif
344,Kikim Tengah,Tanjung Baru,Kemiskinan Rendah,7.086614173228346,11.811023622047244,3.149606299212598,7.874015748031496,0.189183,Ekonomi,Bukan prioritas / pemberdayaan preventif
345,Lahat,Kota Negara,Kemiskinan Rendah,5.751173708920188,4.342723004694836,4.225352112676056,8.685446009389672,0.186675,Ekonomi,Bukan prioritas / pemberdayaan preventif
346,Merapi Timur,Sirah Pulau,Kemiskinan Rendah,3.65296803652968,6.164383561643835,4.5662100456621,8.67579908675799,0.185334,Ekonomi,Bukan prioritas / pemberdayaan preventif
347,Jarai,Muara Tawi,Kemiskinan Rendah,8.955223880597014,9.701492537313433,1.4925373134328357,3.731343283582089,0.178807,Ekonomi,Bukan prioritas / pemberdayaan preventif
348,Lahat,Pagar Sari,Kemiskinan Rendah,6.236559139784946,6.021505376344086,3.655913978494624,6.451612903225806,0.177267,Ekonomi,Bukan prioritas / pemberdayaan preventif
349,Pulau Pinang,Muara Siban,Kemiskinan Rendah,4.926108374384237,4.1871921182266005,4.1871921182266005,6.280788177339902,0.177245,Ekonomi,Bukan prioritas / pemberdayaan preventif
350,Kikim Barat,Jajaran Lama,Kemiskinan Rendah,9.1324200913242,5.47945205479452,2.73972602739726,6.849315068493151,0.175697,Ekonomi,Bukan prioritas / pemberdayaan preventif
351,Lahat,Sari Bunga Mas,Kemiskinan Rendah,6.182121971595656,5.764411027568922,3.592314118629908,5.179615705931495,0.174266,Ekonomi,Bukan prioritas / pemberdayaan preventif
352,Lahat,Ulak Lebar,Kemiskinan Rendah,5.224787363304982,5.953827460510328,3.888213851761847,6.318347509113001,0.174179,Ekonomi,Bukan prioritas / pemberdayaan preventif
353,Merapi Barat,Muara Temiang,Kemiskinan Rendah,6.031746031746032,9.523809523809524,3.1746031746031744,7.301587301587302,0.173462,Ekonomi,Bukan prioritas / pemberdayaan preventif
354,Lahat,Selawi,Kemiskinan Rendah,2.943287867910984,3.804737975592247,4.379038047379756,7.394113424264178,0.173046,Ekonomi,Bukan prioritas / pemberdayaan preventif
355,Lahat,Manggul,Kemiskinan Rendah,3.2076289553532726,4.59471174685739,4.204594711746858,5.461638491547465,0.171122,Ekonomi,Bukan prioritas / pemberdayaan preventif
356,Pagar Gunung,Rimba Sujud,Kemiskinan Rendah,6.0606060606060606,6.0606060606060606,3.0303030303030303,10.606060606060606,0.168656,Ekonomi,Bukan prioritas / pemberdayaan preventif
357,Merapi Barat,Lubuk Kepayang,Kemiskinan Rendah,5.964912280701754,9.473684210526317,2.807017543859649,8.070175438596491,0.16748,Ekonomi,Bukan prioritas / pemberdayaan preventif
358,Merapi Barat,Ulak Pandan,Kemiskinan Rendah,5.749486652977413,6.981519507186857,3.388090349075976,5.133470225872689,0.167424,Ekonomi,Bukan prioritas / pemberdayaan preventif
359,Jarai,Karang Tanding,Kemiskinan Rendah,7.6923076923076925,10.526315789473683,0.8097165991902834,11.336032388663968,0.166548,Ekonomi,Bukan prioritas / pemberdayaan preventif
360,Kikim Tengah,Purbamas,Kemiskinan Rendah,9.973753280839896,9.973753280839896,1.3123359580052494,6.824146981627297,0.165139,Ekonomi,Bukan prioritas / pemberdayaan preventif
361,Lahat,Keban,Kemiskinan Rendah,8.06845965770171,9.290953545232274,1.2224938875305624,8.312958435207824,0.159529,Ekonomi,Bukan prioritas / pemberdayaan preventif
362,Merapi Barat,Tanjung Baru,Kemiskinan Rendah,5.25,11.0,2.25,6.0,0.156295,Ekonomi,Bukan prioritas / pemberdayaan preventif
363,Lahat,Kota Raya,Kemiskinan Rendah,7.908163265306123,7.142857142857142,2.295918367346939,6.887755102040815,0.153933,Ekonomi,Bukan prioritas / pemberdayaan preventif
364,Kikim Barat,Wonorejo,Kemiskinan Rendah,4.414587332053743,4.990403071017274,3.45489443378119,7.1017274472168905,0.152668,Ekonomi,Bukan prioritas / pemberdayaan preventif
365,Merapi Barat,Muara Maung,Kemiskinan Rendah,3.75494071146245,6.126482213438735,3.359683794466404,8.102766798418973,0.151859,Ekonomi,Bukan prioritas / pemberdayaan preventif
366,Merapi Barat,Tanjung Telang,Kemiskinan Rendah,5.504587155963304,5.275229357798166,2.752293577981652,7.568807339449542,0.1489,Ekonomi,Bukan prioritas / pemberdayaan preventif
367,Merapi Barat,Telatang,Kemiskinan Rendah,3.256704980842912,3.8314176245210727,3.4482758620689653,5.747126436781609,0.148829,Ekonomi,Bukan prioritas / pemberdayaan preventif
368,Kikim Barat,Sukarami,Kemiskinan Rendah,7.211538461538461,5.288461538461538,2.403846153846154,3.8461538461538463,0.141601,Ekonomi,Bukan prioritas / pemberdayaan preventif
369,Merapi Barat,Payo,Kemiskinan Rendah,6.029106029106029,7.484407484407485,2.286902286902288,9.563409563409564,0.139753,Ekonomi,Bukan prioritas / pemberdayaan preventif
370,Kikim Barat,Bandar Jaya,Kemiskinan Rendah,4.885057471264368,8.620689655172415,2.2988505747126435,5.172413793103448,0.136804,Ekonomi,Bukan prioritas / pemberdayaan preventif
371,Merapi Barat,Lebak Budi,Kemiskinan Rendah,5.868544600938967,6.572769953051644,2.3474178403755865,7.276995305164319,0.131542,Ekonomi,Bukan prioritas / pemberdayaan preventif
