KECAMATAN,KELURAHAN,cluster_kmeans,pct_desil1,pct_desil2,pct_desil3,pct_desil4,pct_desil5,pct_desil6_10,pct_belum_prmk,skor_saw,rank_saw,skor_topsis,rank_topsis
Muarapayang,Bandu Agung,0,39.436619718309856,18.77934272300469,10.56338028169014,5.633802816901409,2.582159624413145,18.77934272300469,4.225352112676056,0.563321,2,0.585727,1
Kikim Selatan,Beringin Janggut,0,44.36619718309859,13.380281690140844,6.338028169014084,3.169014084507042,6.338028169014084,21.47887323943662,4.929577464788732,0.53665,7,0.584259,2
Jarai,Lubuk Saung,0,30.575539568345324,15.827338129496402,12.949640287769784,7.553956834532374,4.316546762589928,23.381294964028772,5.39568345323741,0.516779,11,0.526532,3
Tanjungtebat,Padang Perigi,0,30.29045643153527,19.91701244813278,7.883817427385892,6.639004149377594,8.29875518672199,22.82157676348548,4.149377593360995,0.502874,15,0.515602,4
Tanjung Sakti Pumi,Negeri Kaya,2,26.0,26.666666666666668,12.666666666666668,8.0,7.333333333333333,16.666666666666664,2.666666666666667,0.545897,3,0.503511,5
Kikim Selatan,Pulau Beringin,0,26.57952069716776,20.697167755991288,10.893246187363834,6.971677559912854,7.84313725490196,22.440087145969496,4.57516339869281,0.506922,13,0.500306,6
Kikim Selatan,Keban Raya,0,24.050632911392405,18.9873417721519,8.860759493670885,7.59493670886076,17.72151898734177,16.455696202531644,6.329113924050633,0.532765,8,0.498933,7
Tanjungtebat,Pandan Arang Ilir,2,29.37853107344633,20.90395480225989,10.734463276836156,9.03954802259887,7.344632768361582,19.774011299435028,2.824858757062147,0.517269,10,0.498855,8
Kikim Timur,Muara Empayang,0,28.57142857142857,17.46031746031746,4.761904761904762,3.968253968253968,26.190476190476197,14.285714285714285,4.761904761904762,0.520664,9,0.493396,9
Pseksu,Lubuk Atung,0,32.972972972972975,16.216216216216218,7.027027027027027,7.297297297297297,10.0,23.783783783783782,2.702702702702702,0.47761,24,0.491648,10
Mulak Ulu,Tebing Tinggi,2,22.807017543859647,26.31578947368421,12.280701754385964,10.526315789473683,7.894736842105263,16.666666666666664,3.508771929824561,0.544948,4,0.489608,11
Merapi Selatan,Geramat,2,17.737003058103976,35.77981651376147,12.232415902140673,8.256880733944955,10.397553516819572,12.844036697247708,2.752293577981652,0.576958,1,0.488593,12
Muarapayang,Muara Gelumpai,2,24.96,18.08,17.44,12.96,4.32,18.08,4.16,0.540898,5,0.482624,13
Pseksu,Talang Tinggi,0,28.79581151832461,12.56544502617801,8.900523560209423,9.424083769633508,9.424083769633508,25.654450261780102,5.235602094240837,0.476141,26,0.480864,14
Muarapayang,Talang Tinggi,0,23.218390804597703,21.149425287356323,11.724137931034482,5.057471264367816,5.517241379310345,28.04597701149425,5.287356321839081,0.479144,23,0.480536,15
Kikim Selatan,Keban Agung,0,26.12359550561798,14.887640449438203,7.303370786516854,8.707865168539326,9.550561797752808,27.52808988764045,5.8988764044943816,0.468284,34,0.476497,16
Jarai,Kedaton,2,29.6875,16.40625,11.71875,5.46875,7.8125,25.78125,3.125,0.471817,33,0.476114,17
Mulak Ulu,Lawang Agung Mulak,2,29.40379403794038,19.10569105691057,10.43360433604336,6.097560975609756,10.16260162601626,22.899728997289973,1.8970189701897016,0.477062,25,0.468974,18
Kikim Selatan,Pagardin,0,28.027681660899656,15.22491349480969,10.034602076124568,4.1522491349480966,13.84083044982699,24.567474048442904,4.1522491349480966,0.466535,35,0.467784,19
Kota Agung,Bangke,2,26.486486486486488,21.62162162162162,15.135135135135137,12.432432432432432,8.108108108108109,15.135135135135137,1.0810810810810811,0.537737,6,0.463578,20
Muarapayang,Muara Jauh,2,28.91156462585034,16.666666666666664,17.346938775510203,9.183673469387756,6.802721088435375,19.727891156462583,1.3605442176870748,0.502693,16,0.460213,21
Gumay Talang,Darmo,0,30.74074074074074,14.444444444444445,8.518518518518519,8.518518518518519,12.22222222222222,23.33333333333333,2.2222222222222223,0.464585,37,0.459161,22
Pseksu,Batu Niding,0,23.643410852713178,15.891472868217054,9.30232558139535,9.689922480620156,10.465116279069768,25.58139534883721,5.426356589147287,0.472348,31,0.455373,23
Mulak Sebingkai,Keban Agung,0,24.85549132947977,14.16184971098266,4.913294797687861,4.046242774566474,8.38150289017341,37.283236994219656,6.358381502890173,0.415804,97,0.453933,24
Gumay Talang,Tanjung Karangan,2,26.993865030674847,13.496932515337424,13.496932515337424,8.588957055214724,7.361963190184049,26.380368098159508,3.6809815950920246,0.46521,36,0.449358,25
Gumay Talang,Muara Tandi,0,26.8,17.599999999999998,10.0,8.4,6.800000000000001,27.6,2.8000000000000003,0.456274,42,0.449113,26
Pajar Bulan,Gelung Sakti,0,26.31578947368421,14.736842105263156,10.526315789473683,4.2105263157894735,11.578947368421051,28.421052631578945,4.2105263157894735,0.445746,57,0.447977,27
Pajar Bulan,Aceh,0,20.62256809338521,16.731517509727624,10.894941634241246,7.782101167315175,12.45136186770428,25.29182879377432,6.22568093385214,0.473012,29,0.447738,28
Jarai,Gunung Megang,2,18.543046357615893,22.516556291390728,9.271523178807946,7.947019867549669,13.90728476821192,22.516556291390728,5.298013245033113,0.484584,20,0.446641,29
Kota Agung,Tanjung Beringin,0,27.20588235294117,21.323529411764707,6.61764705882353,5.88235294117647,9.558823529411764,27.94117647058824,1.4705882352941175,0.440858,64,0.446404,30
Merapi Selatan,Perangai,0,21.061093247588424,17.845659163987136,8.19935691318328,7.877813504823152,5.466237942122187,33.60128617363344,5.94855305466238,0.441299,63,0.443278,31
Gumay Talang,Sugi Waras,0,21.45110410094637,20.50473186119874,8.201892744479496,5.678233438485805,11.987381703470032,27.444794952681388,4.73186119873817,0.454659,44,0.443099,32
Merapi Selatan,Tanjung Menang,2,25.287356321839084,22.988505747126435,6.896551724137931,10.344827586206897,6.896551724137931,26.436781609195403,1.1494252873563218,0.453527,47,0.439844,33
Pseksu,Sukajadi,0,28.689883913764515,13.432835820895525,6.301824212271974,5.306799336650083,9.78441127694859,33.16749585406302,3.316749585406302,0.414943,100,0.439536,34
Jarai,Bandar Aji,0,24.75728155339806,14.07766990291262,8.25242718446602,5.339805825242718,12.135922330097088,30.582524271844655,4.854368932038835,0.431809,71,0.435454,35
Jarai,Penantian,0,21.67577413479053,18.397085610200364,10.200364298724956,7.832422586520947,11.11111111111111,26.229508196721312,4.553734061930783,0.460743,39,0.434877,36
Muarapayang,Lawang Agung Lama,0,26.132404181184672,15.33101045296167,11.149825783972126,6.2717770034843205,6.968641114982578,31.010452961672478,3.1358885017421603,0.434598,70,0.432894,37
Pulau Pinang,Tanjung Mulak,0,27.710843373493976,8.835341365461847,10.040160642570282,6.024096385542169,12.449799196787149,30.522088353413658,4.417670682730924,0.42495,80,0.432449,38
Kikim Timur,Lubuk Kute,2,21.50537634408602,23.118279569892472,15.053763440860216,7.526881720430108,15.591397849462366,15.591397849462366,1.6129032258064515,0.512517,12,0.432076,39
Mulak Ulu,Penindayan,2,19.42446043165468,28.776978417266186,12.949640287769784,5.755395683453238,10.071942446043163,22.30215827338129,0.7194244604316548,0.471899,32,0.429391,40
Kota Agung,Tanjung Bulan,0,20.59800664451827,24.91694352159469,7.973421926910299,5.647840531561462,9.966777408637874,28.23920265780731,2.6578073089701,0.443478,61,0.428547,41
Muarapayang,Muara Payang,0,22.899505766062603,16.80395387149918,10.873146622734762,8.237232289950576,9.71993410214168,27.677100494233937,3.789126853377265,0.44892,52,0.423967,42
Kikim Selatan,Tanjung Kurung,2,18.58407079646018,19.91150442477876,13.716814159292037,8.4070796460177,12.831858407079649,22.12389380530973,4.424778761061947,0.481039,22,0.423487,43
Pagar Gunung,Bandung Agung,2,17.050691244239633,23.04147465437788,11.52073732718894,14.746543778801843,11.52073732718894,18.433179723502302,3.686635944700461,0.505985,14,0.423099,44
Jarai,Serambi,0,17.681159420289855,21.44927536231884,10.434782608695652,4.057971014492753,9.27536231884058,31.88405797101449,5.217391304347826,0.43658,69,0.422882,45
Kota Agung,Pagaruyung,0,15.709969788519636,21.148036253776432,9.969788519637463,7.250755287009064,8.459214501510575,31.419939577039276,6.042296072507553,0.443841,58,0.42098,46
Pulau Pinang,Karang Dalam,0,20.833333333333336,11.21794871794872,11.21794871794872,5.128205128205128,7.371794871794872,37.5,6.730769230769231,0.412241,107,0.417491,47
Tanjung Sakti Pumi,Pagar Jati,0,22.692307692307693,19.230769230769237,8.846153846153847,5.0,10.384615384615383,30.76923076923077,3.076923076923077,0.425795,79,0.416581,48
Muarapayang,Lawang Agung Baru,2,23.59550561797753,16.292134831460675,12.359550561797752,9.550561797752808,6.741573033707865,28.651685393258425,2.808988764044944,0.443786,59,0.415319,49
Kikim Selatan,Pandan Arang,0,20.21857923497268,18.852459016393443,9.289617486338798,8.743169398907105,13.661202185792352,25.136612021857925,4.098360655737705,0.454609,45,0.415319,49
Pseksu,Muara Cawang,0,19.81132075471698,18.632075471698112,6.839622641509433,6.60377358490566,18.39622641509434,25.0,4.716981132075472,0.445866,56,0.414851,51
Merapi Selatan,Lubuk Pedaro,2,15.384615384615383,19.65811965811966,12.393162393162394,11.965811965811966,11.11111111111111,23.93162393162393,5.555555555555555,0.475958,27,0.413703,52
Tanjungtebat,Tanjung Kurung Ilir,0,23.52941176470588,17.647058823529413,5.147058823529411,2.2058823529411766,17.27941176470588,30.88235294117647,3.308823529411765,0.405738,120,0.410434,53
Pseksu,Lubuk Mabar,2,21.3903743315508,15.508021390374331,9.62566844919786,11.229946524064172,9.62566844919786,28.34224598930481,4.27807486631016,0.443497,60,0.40986,54
Tanjung Sakti Pumi,Penandingan,0,21.613832853025936,18.443804034582133,10.662824207492797,6.628242074927954,12.39193083573487,27.089337175792505,3.170028818443804,0.440743,66,0.409674,55
Kikim Timur,Gunung Aji,0,23.778501628664493,8.143322475570033,7.166123778501629,6.840390879478828,13.355048859934854,34.85342019543974,5.863192182410423,0.400741,130,0.409011,56
Tanjung Sakti Pumi,Tanjung Sakti,0,20.304568527918786,17.00507614213198,9.390862944162436,10.65989847715736,14.974619289340104,23.604060913705585,4.060913705583756,0.45764,41,0.406836,57
Jarai,Sadan,2,22.762645914396888,14.591439688715957,10.700389105058363,7.782101167315175,10.311284046692606,30.155642023346303,3.696498054474709,0.427942,75,0.404978,58
Merapi Selatan,Lubuk Betung,2,15.548281505728315,26.186579378068743,13.420621931260229,12.60229132569558,9.983633387888707,20.458265139116204,1.800327332242226,0.48281,21,0.4045,59
Merapi Selatan,Suka Merindu,2,17.88617886178862,23.98373983739837,9.34959349593496,11.38211382113821,8.130081300813007,26.82926829268293,2.4390243902439024,0.449005,51,0.404062,60
Pajar Bulan,Pajar Tinggi,2,16.483516483516482,21.428571428571427,12.637362637362637,14.835164835164836,13.186813186813188,18.13186813186813,3.296703296703297,0.497654,17,0.40388,61
Tanjungsakti Pumu,Muara Cawang,0,23.426573426573427,14.335664335664337,5.594405594405594,3.4965034965034967,23.07692307692308,26.223776223776223,3.8461538461538463,0.417056,94,0.403333,62
Jarai,Pagar Dewa,2,19.587628865979383,17.869415807560138,12.371134020618555,8.934707903780069,10.996563573883162,26.46048109965636,3.7800687285223367,0.449772,49,0.402782,63
Kikim Selatan,Tanjung Beringin,0,20.044052863436125,16.079295154185022,11.233480176211454,7.048458149779736,13.876651982378856,27.31277533039648,4.405286343612335,0.43953,67,0.401821,64
Pajar Bulan,Talang Baru,2,16.8141592920354,22.12389380530973,12.389380530973453,15.04424778761062,13.274336283185844,17.699115044247787,2.6548672566371683,0.497065,19,0.401657,65
Lahat Selatan,Talang Sawah,2,20.0,20.0,12.4,9.6,12.0,23.6,2.4,0.457884,40,0.401263,66
Tanjungtebat,Tanjung Nibung,0,26.70807453416149,14.285714285714285,6.832298136645963,2.484472049689441,13.043478260869565,34.78260869565217,1.8633540372670807,0.38372,161,0.401207,67
Kota Agung,Tunggul Bute,0,21.37285491419657,10.29641185647426,8.424336973478939,4.5241809672386895,18.876755070202808,30.57722308892356,5.928237129485179,0.411099,112,0.400621,68
Mulak Ulu,Mengkenang,2,23.516949152542374,16.52542372881356,9.533898305084746,6.991525423728813,10.38135593220339,30.720338983050848,2.330508474576271,0.416875,95,0.399105,69
Mulak Sebingkai,Penandingan,0,15.546218487394958,28.15126050420168,6.722689075630252,6.722689075630252,10.084033613445378,30.672268907563023,2.100840336134454,0.42006,88,0.398908,70
Pagar Gunung,Siring Agung,0,22.52747252747253,15.384615384615383,7.6923076923076925,4.395604395604396,11.538461538461538,34.61538461538461,3.8461538461538463,0.400326,131,0.398332,71
Tanjungsakti Pumu,Talang Tinggi,0,27.08333333333333,12.5,5.208333333333334,2.083333333333333,18.229166666666664,32.8125,2.083333333333333,0.379499,170,0.397387,72
Pagar Gunung,Karang Agung,0,18.181818181818183,18.808777429467085,9.404388714733544,5.015673981191222,9.717868338557992,34.1692789968652,4.702194357366771,0.414025,102,0.397113,73
Pajar Bulan,Talang Pagar Agung,0,15.517241379310343,18.103448275862068,9.482758620689657,13.79310344827586,17.24137931034483,20.689655172413797,5.172413793103448,0.474389,28,0.396314,74
Kikim Timur,Lubuk Nambulan,0,20.454545454545457,12.727272727272728,8.863636363636363,6.363636363636363,17.727272727272727,28.63636363636364,5.227272727272727,0.422109,84,0.3948,75
Pseksu,Tanjung Agung,0,24.210526315789476,11.578947368421051,8.421052631578947,6.315789473684211,12.105263157894736,33.68421052631579,3.684210526315789,0.399365,133,0.394431,76
Pagar Gunung,Germidar Ulu,2,19.86754966887417,15.2317880794702,15.2317880794702,9.933774834437086,16.55629139072848,19.86754966887417,3.3112582781456954,0.472996,30,0.393479,77
Kikim Selatan,Karang Cahaya,0,20.40816326530612,13.26530612244898,9.523809523809524,5.1020408163265305,14.965986394557824,31.63265306122449,5.1020408163265305,0.41233,106,0.393051,78
Mulak Sebingkai,Jadian Lama,2,23.48993288590604,16.10738255033557,7.38255033557047,11.409395973154362,8.724832214765101,30.87248322147651,2.013422818791946,0.415228,99,0.392569,79
Lahat,Pagar Negara,2,17.05989110707804,11.978221415607983,15.245009074410165,13.430127041742288,7.985480943738657,28.49364791288566,5.807622504537205,0.449609,50,0.391969,80
Lahat,Pasar Baru,1,5.205811138014528,5.447941888619854,4.116222760290557,3.2687651331719128,15.012106537530268,54.11622276029056,12.832929782082324,0.318227,258,0.391575,81
Pagar Gunung,Batu Rusa,2,19.205298013245034,17.880794701986755,9.933774834437086,13.90728476821192,7.28476821192053,28.47682119205298,3.3112582781456954,0.44083,65,0.391211,82
Merapi Barat,Karang Rejo,2,18.84057971014493,16.666666666666664,8.695652173913043,11.594202898550725,10.144927536231885,29.71014492753623,4.3478260869565215,0.431603,72,0.391133,83
Kikim Selatan,Nanjungan,0,22.4622030237581,14.038876889848812,8.639308855291576,4.319654427645788,19.870410367170628,27.213822894168462,3.455723542116631,0.415734,98,0.389964,84
Merapi Selatan,Talang Akar,0,21.49532710280374,20.5607476635514,6.5420560747663545,3.738317757009345,13.084112149532707,32.71028037383177,1.8691588785046729,0.396352,138,0.389759,85
Kikim Barat,Mekar Jaya,0,24.867724867724867,8.994708994708994,8.465608465608465,1.5873015873015872,23.28042328042328,29.100529100529094,3.7037037037037033,0.393409,140,0.38916,86
Jarai,Sukananti,2,18.253968253968253,19.444444444444446,11.904761904761903,7.5396825396825395,14.285714285714285,25.396825396825395,3.1746031746031744,0.442783,62,0.388946,87
Pseksu,Lubuk Tuba,0,17.857142857142858,15.178571428571429,15.178571428571429,8.035714285714286,15.178571428571429,24.107142857142858,4.464285714285714,0.453653,46,0.388745,88
Gumay Talang,Tanah Pilih,2,22.03023758099352,14.038876889848812,12.526997840172784,9.935205183585314,10.367170626349893,28.293736501079916,2.8077753779697625,0.429899,74,0.387262,89
Tanjungtebat,Tanjung Baru,0,21.62162162162162,12.612612612612612,8.558558558558559,8.558558558558559,15.765765765765764,28.82882882882883,4.054054054054054,0.417659,93,0.385529,90
Tanjung Sakti Pumi,Lubuk Dalam,2,13.492063492063492,21.825396825396822,16.26984126984127,16.26984126984127,11.507936507936508,17.857142857142858,2.7777777777777777,0.497445,18,0.385493,91
Tanjungtebat,Tanjung Raya,0,21.052631578947366,9.210526315789473,7.236842105263158,6.578947368421052,10.526315789473683,39.47368421052632,5.921052631578947,0.381074,164,0.385339,92
Pajar Bulan,Kota Raya Lembak,0,16.312056737588655,18.43971631205673,7.801418439716312,9.574468085106384,8.865248226950355,34.04255319148936,4.964539007092199,0.413936,103,0.383718,93
Gumay Ulu,Padang Gumay,2,12.962962962962962,17.59259259259259,16.666666666666664,6.481481481481481,14.814814814814811,25.925925925925924,5.555555555555555,0.448909,53,0.383283,94
Gumay Talang,Tanjung Periuk,2,23.64864864864865,11.486486486486488,9.45945945945946,10.81081081081081,12.162162162162163,29.72972972972973,2.702702702702702,0.412402,105,0.381763,95
Jarai,Pama Salak,2,22.344322344322347,12.82051282051282,9.89010989010989,11.355311355311356,12.087912087912088,28.57142857142857,2.93040293040293,0.421519,86,0.381364,96
Lahat,Senabing,0,21.842105263157897,15.0,7.368421052631578,6.315789473684211,15.263157894736842,31.05263157894737,3.1578947368421053,0.402384,128,0.380876,97
Tanjung Sakti Pumi,Pulau Panas,2,18.08510638297873,17.5531914893617,11.170212765957446,7.446808510638298,14.893617021276595,27.127659574468083,3.723404255319149,0.431209,73,0.38076,98
Pagar Gunung,Merindu,2,17.557251908396946,19.083969465648856,12.213740458015266,16.030534351145036,10.687022900763358,22.137404580152676,2.2900763358778624,0.463748,38,0.380741,99
Merapi Selatan,Padang,0,20.151133501259448,16.876574307304786,9.571788413098236,6.297229219143577,11.083123425692696,32.7455919395466,3.27455919395466,0.406388,116,0.380402,100
Kikim Timur,Lubuk Layang Ilir,0,15.422885572139302,13.432835820895525,8.45771144278607,6.467661691542288,10.44776119402985,38.80597014925373,6.965174129353234,0.391728,143,0.379757,101
Kikim Selatan,Banu Ayu,2,15.811088295687886,14.989733059548255,10.677618069815194,10.677618069815194,8.41889117043121,33.67556468172484,5.749486652977413,0.418745,90,0.379288,102
Kikim Timur,Tanda Raja,2,14.44759206798867,22.379603399433428,11.048158640226628,8.78186968838527,13.59773371104816,26.34560906515581,3.39943342776204,0.438291,68,0.37895,103
Pajar Bulan,Sumur,0,17.372881355932204,14.83050847457627,5.084745762711865,8.898305084745763,17.372881355932204,30.93220338983051,5.508474576271186,0.407746,115,0.377559,104
Mulak Ulu,Pajar Bulan,2,20.670391061452516,15.363128491620111,11.731843575418994,9.217877094972067,10.05586592178771,30.16759776536313,2.793296089385475,0.419063,89,0.377498,105
Mulak Ulu,Geramat,2,20.20460358056266,18.15856777493606,9.974424552429667,7.928388746803069,15.34526854219949,26.34271099744245,2.0460358056265986,0.424558,81,0.377477,106
Pajar Bulan,Kota Raya Darat,2,22.58064516129032,15.591397849462366,10.21505376344086,8.60215053763441,8.064516129032258,33.33333333333333,1.6129032258064515,0.399235,134,0.375338,107
Kikim Selatan,Beriningin Jaya,0,21.06382978723404,15.95744680851064,7.234042553191489,6.170212765957447,9.148936170212766,37.234042553191486,3.191489361702128,0.384896,158,0.374854,108
Jarai,Gunung Raya,0,23.72093023255814,10.232558139534884,8.837209302325581,6.511627906976744,9.767441860465116,37.67441860465116,3.255813953488372,0.377368,174,0.373741,109
Jarai,Pelajaran,0,22.47191011235955,13.108614232209735,5.243445692883896,6.741573033707865,13.48314606741573,35.580524344569284,3.3707865168539324,0.380287,166,0.373538,110
Tanjung Sakti Pumi,Ulak Lebar,0,25.229357798165136,11.46788990825688,6.422018348623854,3.211009174311927,19.26605504587156,32.56880733944954,1.834862385321101,0.371703,183,0.372703,111
Sukamerindu,Tanjung Raya,0,18.12080536912752,10.738255033557047,8.053691275167784,8.724832214765101,11.409395973154362,36.91275167785235,6.04026845637584,0.391136,145,0.372264,112
Tanjung Sakti Pumi,Benteng,2,15.060240963855422,14.457831325301203,16.867469879518072,10.843373493975903,11.44578313253012,26.506024096385545,4.819277108433735,0.44605,55,0.371895,113
Tanjung Sakti Pumi,Lubuk Tabun,0,18.775510204081638,15.510204081632653,14.285714285714285,5.714285714285714,22.040816326530614,20.816326530612244,2.857142857142857,0.446169,54,0.370996,114
Kikim Selatan,Padang Bindu,2,19.642857142857142,16.666666666666664,12.5,7.142857142857142,14.285714285714285,27.380952380952383,2.380952380952381,0.421957,85,0.370972,115
Pajar Bulan,Tongkok,2,15.458937198067632,17.14975845410628,12.318840579710146,10.869565217391305,17.14975845410628,22.946859903381643,4.1062801932367154,0.45024,48,0.370399,116
Merapi Timur,Lematang Jaya,2,14.853195164075997,19.34369602763385,13.298791018998276,14.335060449050086,11.57167530224525,23.488773747841105,3.1088082901554404,0.455819,43,0.370323,117
Tanjungtebat,Talang Jawa,0,18.68131868131868,20.87912087912088,8.791208791208792,3.296703296703297,6.593406593406594,39.56043956043956,2.197802197802198,0.376248,175,0.369444,118
Tanjungtebat,Tanjung Menang,0,15.991471215351812,14.498933901918976,10.021321961620467,8.742004264392325,10.874200426439232,34.32835820895522,5.543710021321962,0.406198,117,0.369393,119
Kikim Timur,Cecar,0,17.3015873015873,16.19047619047619,12.063492063492063,6.031746031746032,12.857142857142856,31.428571428571427,4.126984126984127,0.411782,109,0.368936,120
Lahat,Sukanegara,0,16.73944687045124,12.081513828238718,9.315866084425036,7.5691411935953425,9.8981077147016,38.28238719068413,6.11353711790393,0.389169,147,0.368456,121
Mulak Ulu,Datar Balam,0,17.763157894736842,15.13157894736842,12.171052631578949,6.25,10.855263157894738,33.55263157894737,4.276315789473684,0.405471,121,0.368122,122
Sukamerindu,Pagar Kaya,0,16.666666666666664,10.75268817204301,12.903225806451612,6.451612903225806,14.516129032258066,32.795698924731184,5.913978494623656,0.405042,122,0.367027,123
Kikim Tengah,Maspura,1,6.153846153846154,12.307692307692308,4.615384615384616,6.153846153846154,10.76923076923077,50.0,10.0,0.339036,228,0.366744,124
Gumay Talang,Tanjung Baru,0,20.833333333333336,15.151515151515152,9.469696969696969,10.227272727272728,10.606060606060606,31.439393939393938,2.272727272727273,0.404384,123,0.365626,125
Sukamerindu,Sukaraja,0,15.867158671586717,21.771217712177123,9.96309963099631,9.22509225092251,12.177121771217712,28.782287822878228,2.214022140221402,0.418045,91,0.365345,126
Jarai,Tanjung Menang,0,16.957605985037407,18.952618453865338,5.7356608478803,6.483790523690773,15.46134663341646,32.66832917705736,3.740648379052369,0.394839,139,0.365276,127
Tanjung Sakti Pumi,Tanjung Bulan,0,18.027210884353742,15.64625850340136,11.564625850340136,6.122448979591836,13.945578231292515,30.952380952380956,3.741496598639456,0.408397,114,0.364737,128
Tanjung Sakti Pumi,Gunung Kerto,0,23.118279569892472,15.591397849462366,7.795698924731183,4.838709677419355,14.24731182795699,33.60215053763441,0.8064516129032258,0.374435,177,0.363275,129
Kota Agung,Muara Gula,0,18.3206106870229,18.3206106870229,12.97709923664122,2.2900763358778624,14.50381679389313,31.29770992366413,2.2900763358778624,0.39889,135,0.363028,130
Gumay Ulu,Sumber Karya,0,20.57971014492753,11.014492753623188,6.666666666666667,4.057971014492753,14.492753623188406,38.55072463768117,4.63768115942029,0.36673,187,0.362481,131
Pseksu,Penandingan,0,17.24137931034483,12.643678160919542,6.896551724137931,11.494252873563218,15.517241379310343,31.03448275862069,5.172413793103448,0.406157,118,0.362345,132
Lahat Selatan,Talang Sejemput,2,17.131474103585656,19.32270916334661,9.760956175298803,10.95617529880478,13.545816733067728,27.091633466135452,2.1912350597609564,0.422163,83,0.361241,133
Pagar Gunung,Sawah Darat,2,15.126050420168069,19.327731092436977,10.92436974789916,11.76470588235294,5.88235294117647,33.61344537815126,3.361344537815126,0.411728,110,0.360461,134
Kikim Barat,Darma Raharja,0,21.285140562249,6.425702811244979,8.433734939759036,6.024096385542169,20.080321285140563,32.93172690763052,4.819277108433735,0.378412,173,0.360314,135
Kikim Timur,Datar Serdang,0,15.204678362573098,19.29824561403509,9.941520467836256,4.093567251461988,9.35672514619883,38.01169590643275,4.093567251461988,0.385124,157,0.360055,136
Tanjung Sakti Pumi,Sindang Panjang,0,14.942528735632186,13.563218390804598,12.528735632183906,7.931034482758621,13.218390804597702,32.298850574712645,5.517241379310345,0.409268,113,0.360016,137
Sukamerindu,Rambai Kaca,2,14.069591527987896,14.674735249621785,11.195158850226928,11.649016641452343,10.59001512859304,32.37518910741301,5.446293494704992,0.414375,101,0.359279,138
Pagar Gunung,Lesung Batu,2,21.0412147505423,14.75054229934924,10.19522776572668,10.412147505422992,7.158351409978309,34.70715835140998,1.735357917570499,0.390821,146,0.357552,139
Merapi Timur,Sengkuang,2,11.11111111111111,21.81069958847737,11.522633744855968,11.11111111111111,12.757201646090536,27.983539094650205,3.7037037037037033,0.426457,78,0.356856,140
Mulak Sebingkai,Durian Dangkal,0,15.705128205128204,17.94871794871795,8.974358974358974,8.653846153846153,12.82051282051282,32.05128205128205,3.8461538461538463,0.404057,124,0.356646,141
Lahat Selatan,Nantal,2,10.33210332103321,23.616236162361623,12.915129151291511,9.96309963099631,13.284132841328416,26.937269372693727,2.952029520295203,0.427664,76,0.356241,142
Mulak Ulu,Karang Lebak,2,12.592592592592592,25.925925925925924,9.62962962962963,8.88888888888889,17.037037037037038,25.185185185185183,0.7407407407407408,0.415856,96,0.356226,143
Kikim Timur,Seronggo,0,15.460526315789474,12.828947368421051,9.86842105263158,7.894736842105263,15.460526315789474,32.89473684210527,5.592105263157895,0.398709,136,0.355349,144
Pagar Gunung,Padang Pagun,2,15.486725663716811,18.805309734513276,9.95575221238938,9.734513274336283,10.398230088495575,32.30088495575221,3.3185840707964607,0.40613,119,0.355009,145
Merapi Timur,Lebuay Bandung,1,5.852417302798982,10.432569974554708,5.597964376590331,3.5623409669211195,11.959287531806616,52.67175572519084,9.923664122137405,0.319153,257,0.354316,146
Gumay Ulu,Tanjung Raja,0,20.833333333333336,11.904761904761903,8.928571428571429,11.904761904761903,17.857142857142858,26.190476190476197,2.380952380952381,0.411275,111,0.353607,147
Gumay Talang,Mandi Angin,2,14.52513966480447,21.22905027932961,13.966480446927374,10.614525139664805,8.379888268156424,29.60893854748604,1.675977653631285,0.417706,92,0.353466,148
Pajar Bulan,Talang Padang Tinggi,0,13.06532663316583,12.060301507537687,9.045226130653267,5.527638190954774,12.562814070351758,40.7035175879397,7.035175879396985,0.370825,184,0.353151,149
Kikim Barat,Suka Bakti,1,15.476190476190476,5.357142857142857,6.547619047619048,1.7857142857142856,21.428571428571427,41.66666666666667,7.738095238095238,0.340124,225,0.352452,150
Mulak Sebingkai,Talang Padang,2,9.75609756097561,25.60975609756097,19.51219512195122,7.317073170731707,9.75609756097561,28.04878048780488,0.0,0.411862,108,0.349336,151
Kikim Timur,Gedung Agung,2,11.594202898550725,25.36231884057971,12.318840579710146,5.072463768115942,10.144927536231885,34.05797101449276,1.4492753623188406,0.387345,151,0.349002,152
Pagar Gunung,Penantian,2,17.937219730941703,15.246636771300448,11.659192825112108,7.623318385650224,7.623318385650224,36.771300448430495,3.1390134529147984,0.386877,152,0.348656,153
Merapi Selatan,Tanjung Beringin,2,11.76470588235294,20.761245674740483,11.76470588235294,12.110726643598616,14.186851211072666,26.29757785467128,3.1141868512110724,0.427368,77,0.347727,154
Pulau Pinang,Perigi,0,17.525773195876287,18.55670103092784,7.216494845360824,9.278350515463918,12.371134020618555,32.98969072164948,2.061855670103093,0.38794,149,0.34667,155
Lahat Selatan,Muara Cawang,2,8.98876404494382,22.47191011235955,10.674157303370784,11.235955056179774,8.98876404494382,33.70786516853933,3.932584269662921,0.402394,127,0.346128,156
Tanjungtebat,Tanjung Bai,0,13.962264150943396,18.49056603773585,9.811320754716984,9.056603773584904,12.075471698113208,32.83018867924528,3.7735849056603774,0.399393,132,0.345691,157
Jarai,Mangun Sari,0,16.751269035532996,11.505922165820644,8.629441624365482,6.260575296108291,17.59729272419628,34.179357021996616,5.076142131979696,0.381002,165,0.344088,158
Kikim Timur,Gunung Karto,0,18.37837837837838,12.162162162162163,8.91891891891892,4.324324324324325,11.081081081081082,40.81081081081081,4.324324324324325,0.360652,195,0.342924,159
Mulak Ulu,Lesung Batu,2,16.731517509727624,17.509727626459142,15.17509727626459,5.447470817120623,12.840466926070038,30.739299610894943,1.556420233463035,0.397173,137,0.341391,160
Mulak Sebingkai,Jadian Baru,0,23.59550561797753,9.550561797752808,1.6853932584269662,6.179775280898876,12.359550561797752,44.38202247191011,2.247191011235955,0.321392,254,0.340269,161
Pagar Gunung,Muara Dua,2,20.16806722689076,10.92436974789916,15.966386554621849,4.201680672268908,17.647058823529413,29.411764705882355,1.680672268907563,0.388708,148,0.339179,162
Mulak Ulu,Muara Tiga,2,15.52346570397112,19.494584837545126,12.63537906137184,5.776173285198556,10.469314079422382,34.29602888086642,1.8050541516245489,0.385255,155,0.338976,163
Gumay Talang,Tanjung Dalam,0,14.689265536723164,13.559322033898304,10.16949152542373,9.6045197740113,4.519774011299435,42.3728813559322,5.084745762711865,0.372505,179,0.338554,164
Mulak Ulu,Air Puar,2,10.857142857142858,20.285714285714285,18.571428571428573,10.285714285714285,11.142857142857142,26.857142857142858,2.0,0.424438,82,0.338542,165
Kota Agung,Mutar Alam Lama,0,23.52941176470588,6.862745098039216,9.803921568627452,2.941176470588235,17.647058823529413,37.25490196078432,1.96078431372549,0.342783,223,0.338458,166
Pulau Pinang,Pagar Batu,0,11.946902654867255,15.486725663716811,8.849557522123893,7.079646017699115,11.061946902654867,39.823008849557525,5.752212389380531,0.372096,181,0.337827,167
Lahat Selatan,Kerung,2,13.2013201320132,23.1023102310231,8.25082508250825,4.29042904290429,10.231023102310232,38.94389438943895,1.98019801980198,0.361882,193,0.337098,168
Merapi Timur,Cempaka Wangi,2,11.515151515151516,21.21212121212121,9.393939393939393,8.181818181818182,22.424242424242426,24.545454545454547,2.727272727272727,0.412662,104,0.336048,169
Lahat,Talang Jawa Selatan,1,13.744457879887143,9.310761789600967,7.496977025392987,6.690850463522772,13.945989520354695,42.039500201531645,6.771463119709795,0.353513,202,0.335871,170
Gumay Talang,Tanjung Beringin,2,16.022099447513813,15.469613259668508,12.154696132596683,10.497237569060774,12.70718232044199,30.386740331491712,2.7624309392265194,0.402801,125,0.335229,171
Kota Agung,Tanjung Raman,0,16.470588235294116,14.117647058823527,14.117647058823527,2.3529411764705883,10.588235294117649,38.82352941176471,3.5294117647058822,0.368961,185,0.334768,172
Gumay Ulu,Sinjar Bulan,2,15.873015873015872,17.46031746031746,11.904761904761903,7.936507936507936,8.73015873015873,35.714285714285715,2.380952380952381,0.383513,162,0.334263,173
Kikim Selatan,Pagar Jati,0,15.649867374005304,11.80371352785146,9.549071618037134,5.702917771883289,18.96551724137931,33.42175066312997,4.907161803713528,0.37935,171,0.334087,174
Mulak Ulu,Sukananti,2,16.793893129770993,17.557251908396946,14.50381679389313,8.396946564885496,10.687022900763358,31.29770992366413,0.7633587786259541,0.392459,142,0.333895,175
Pagar Gunung,Germidar Ilir,0,13.513513513513514,17.56756756756757,6.081081081081082,6.756756756756757,21.62162162162162,30.405405405405407,4.054054054054054,0.385973,154,0.333597,176
Pajar Bulan,Talang Mengkenang,0,15.476190476190476,13.095238095238097,7.142857142857142,7.142857142857142,17.857142857142858,34.523809523809526,4.761904761904762,0.375248,176,0.332796,177
Kikim Selatan,Jaga Baya,2,17.15686274509804,15.196078431372548,9.31372549019608,9.803921568627452,13.23529411764706,32.84313725490196,2.450980392156863,0.384696,159,0.330032,178
Pagar Gunung,Kupang,2,13.684210526315791,17.36842105263158,11.578947368421051,8.947368421052632,12.63157894736842,32.631578947368425,3.1578947368421053,0.392535,141,0.328886,179
Tanjungtebat,Tanjung Kurung Ulu,0,16.50943396226415,15.09433962264151,8.962264150943396,5.660377358490567,13.20754716981132,37.264150943396224,3.30188679245283,0.366708,188,0.327875,180
Tanjung Sakti Pumi,Gunung Kembang,2,14.14141414141414,13.131313131313131,11.11111111111111,9.595959595959595,13.131313131313131,34.34343434343434,4.545454545454546,0.386785,153,0.327682,181
Tanjungsakti Pumu,Karang Agung,0,19.31464174454829,9.96884735202492,6.230529595015576,3.4267912772585665,25.233644859813083,32.398753894081,3.4267912772585665,0.357477,198,0.327189,182
Pajar Bulan,Ulak Bandung,0,16.85823754789272,15.32567049808429,10.727969348659004,8.045977011494253,13.79310344827586,32.95019157088122,2.2988505747126435,0.382058,163,0.32671,183
Mulak Ulu,Pengentaan,2,10.20408163265306,22.95918367346939,12.755102040816327,6.122448979591836,13.77551020408163,32.6530612244898,1.530612244897959,0.379974,168,0.324789,184
Kota Agung,Kebun Jati,2,17.21311475409836,13.934426229508196,13.114754098360656,12.295081967213116,7.377049180327869,34.42622950819672,1.639344262295082,0.38455,160,0.32352,185
Jarai,Tertap,1,17.183098591549296,10.704225352112676,4.225352112676056,5.915492957746479,19.154929577464788,38.309859154929576,4.507042253521127,0.346546,214,0.322127,186
Gumay Ulu,Rindu Hati,0,18.79194630872483,11.073825503355703,10.06711409395973,2.684563758389262,16.10738255033557,38.25503355704698,3.02013422818792,0.349533,208,0.321621,187
Pagar Gunung,Air Lingkar,2,11.702127659574469,16.75531914893617,15.95744680851064,15.159574468085108,11.96808510638298,26.329787234042552,2.127659574468085,0.420073,87,0.321432,188
Sukamerindu,Tanjung Agung,0,19.41747572815534,9.70873786407767,7.281553398058252,7.281553398058252,8.737864077669903,44.1747572815534,3.3980582524271843,0.338041,230,0.320758,189
Pajar Bulan,Bantunan,0,11.878453038674031,14.917127071823206,8.83977900552486,7.458563535911603,12.70718232044199,39.226519337016576,4.972375690607735,0.363177,190,0.317621,190
Kikim Timur,Gunung Kembang,0,15.29051987767584,18.04281345565749,8.56269113149847,7.64525993883792,11.62079510703364,37.00305810397553,1.834862385321101,0.362298,192,0.317058,191
Tanjungsakti Pumu,Kepala Siring,0,15.355805243445692,13.108614232209735,5.617977528089887,3.745318352059925,24.344569288389515,33.70786516853933,4.119850187265917,0.356409,200,0.315838,192
Kikim Timur,Gelumbang,0,15.706806282722512,14.659685863874344,8.37696335078534,10.471204188481677,16.230366492146597,31.93717277486911,2.6178010471204187,0.379252,172,0.314997,193
Mulak Sebingkai,Padang Bindu,0,14.201183431952662,16.56804733727811,10.650887573964498,4.733727810650888,14.201183431952662,36.68639053254438,2.9585798816568047,0.363864,189,0.314801,194
Kikim Timur,Karang Endah,1,10.638297872340424,10.106382978723405,6.914893617021277,7.446808510638298,7.978723404255319,50.0,6.914893617021277,0.325628,248,0.314371,195
Tanjung Sakti Pumi,Gunung Agung,2,11.297071129707112,15.481171548117151,13.389121338912132,7.949790794979079,9.205020920502092,38.49372384937239,4.184100418410042,0.372258,180,0.313813,196
Pajar Bulan,Pulau,1,12.953367875647666,17.616580310880828,8.290155440414509,4.145077720207254,10.88082901554404,42.487046632124354,3.6269430051813463,0.345993,217,0.313354,197
Tanjung Sakti Pumi,Pulau Panggung,2,9.549071618037134,16.710875331564985,9.814323607427056,14.854111405835544,12.9973474801061,32.09549071618037,3.978779840848806,0.391637,144,0.313191,198
Kikim Selatan,Lubuk Tungkang,1,17.006802721088434,7.482993197278912,3.4013605442176877,6.802721088435375,24.489795918367346,36.054421768707485,4.761904761904762,0.340404,224,0.312987,199
Kota Agung,Karang Agung,0,18.75,10.416666666666668,7.291666666666667,5.729166666666666,10.416666666666668,44.27083333333333,3.125,0.330996,238,0.310937,200
Pulau Pinang,Kuba,0,12.014134275618376,12.014134275618376,7.773851590106007,6.36042402826855,14.487632508833922,41.69611307420495,5.653710247349824,0.34615,216,0.310488,201
Lahat,Pasar Lama,1,9.58904109589041,6.715669896424991,6.448379552288673,5.713331105913799,13.063815569662546,50.785165385900434,7.684597393919144,0.307178,281,0.309851,202
Kota Agung,Sukarami,2,10.95890410958904,15.616438356164384,11.78082191780822,9.58904109589041,11.232876712328768,36.71232876712329,4.10958904109589,0.374301,178,0.309685,203
Tanjungtebat,Air Dingin Baru,0,15.217391304347828,12.318840579710146,10.144927536231885,10.144927536231885,9.420289855072465,39.130434782608695,3.6231884057971016,0.36289,191,0.309685,203
Mulak Ulu,Padang Masat,0,18.30065359477124,14.37908496732026,7.18954248366013,2.6143790849673203,27.450980392156865,29.411764705882355,0.6535947712418301,0.351582,204,0.309473,205
Tanjungtebat,TanjungTebat,2,8.695652173913043,14.782608695652174,18.695652173913043,11.73913043478261,13.043478260869565,29.565217391304348,3.4782608695652173,0.402712,126,0.309288,206
Tanjungtebat,Air Dingin Lama,0,11.39240506329114,22.15189873417721,6.962025316455696,4.430379746835443,18.35443037974684,35.44303797468354,1.2658227848101269,0.347632,212,0.308938,207
Kota Agung,Gedung Agung,2,10.784313725490197,17.647058823529413,15.196078431372548,14.705882352941178,11.76470588235294,28.431372549019606,1.4705882352941175,0.40182,129,0.308773,208
Jarai,Jemaring,0,18.98148148148148,10.648148148148149,5.092592592592593,4.62962962962963,18.055555555555557,39.81481481481482,2.7777777777777777,0.330539,241,0.308552,209
Merapi Timur,Gedung Agung,2,8.388704318936876,16.611295681063122,12.043189368770763,12.29235880398671,13.621262458471762,32.9734219269103,4.069767441860465,0.385245,156,0.306694,210
Pseksu,Pagar Agung,1,18.53035143769968,11.501597444089455,4.472843450479233,2.5559105431309903,11.182108626198085,48.56230031948881,3.1948881789137378,0.307897,279,0.306437,211
Kikim Timur,Patikal Baru,2,7.926829268292683,18.29268292682927,12.804878048780488,6.707317073170732,19.51219512195122,31.09756097560976,3.658536585365853,0.379819,169,0.305863,212
Jarai,Nanti Giri,2,16.623376623376622,10.649350649350648,10.38961038961039,9.87012987012987,9.090909090909092,40.25974025974026,3.116883116883117,0.353345,203,0.304281,213
Tanjungsakti Pumu,Ujung Pulau,1,19.293478260869566,10.597826086956522,4.076086956521739,4.3478260869565215,16.847826086956523,42.391304347826086,2.4456521739130435,0.317373,260,0.3032,214
Pajar Bulan,Pulau Panggung,0,14.467005076142131,10.406091370558377,9.390862944162436,3.807106598984772,11.6751269035533,45.431472081218274,4.822335025380711,0.33013,242,0.302303,215
Pajar Bulan,Benua Raja,1,13.392857142857142,11.01190476190476,7.440476190476191,5.952380952380952,15.773809523809524,41.36904761904761,5.059523809523809,0.339968,226,0.302016,216
Gumay Ulu,Lubuk Selo,1,16.020671834625322,10.3359173126615,9.560723514211883,5.684754521963824,16.795865633074936,37.98449612403101,3.617571059431525,0.347579,213,0.300376,217
Tanjung Sakti Pumi,Masam Bulau,0,16.766467065868262,12.275449101796406,8.383233532934131,5.9880239520958085,15.269461077844312,38.622754491017965,2.694610778443114,0.344224,221,0.300315,218
Merapi Timur,Nanjungan,1,5.806451612903226,12.258064516129032,10.32258064516129,5.806451612903226,21.29032258064516,38.064516129032256,6.451612903225806,0.345256,219,0.300261,219
Tanjungsakti Pumu,Suban,0,15.895953757225437,10.404624277456648,9.248554913294797,6.647398843930636,19.653179190751445,34.68208092485549,3.4682080924855487,0.356215,201,0.300141,220
Pagar Gunung,Tanjung Agung,0,14.351851851851851,15.50925925925926,8.333333333333332,6.018518518518518,13.425925925925927,39.58333333333333,2.7777777777777777,0.345945,218,0.298956,221
Lahat,Pasar Bawah,1,10.714285714285714,6.026785714285714,8.59375,8.035714285714286,17.633928571428573,42.410714285714285,6.584821428571429,0.330047,243,0.298822,222
Lahat Selatan,Tanjung Tebat,2,7.05521472392638,14.417177914110429,17.177914110429448,11.042944785276074,15.030674846625766,31.28834355828221,3.987730061349693,0.387543,150,0.298607,223
Kikim Timur,Babat Lama,1,14.50381679389313,12.213740458015266,6.106870229007633,9.16030534351145,16.030534351145036,38.16793893129771,3.816793893129771,0.348428,209,0.297223,224
Pajar Bulan,Talang Tangsi,0,18.055555555555557,11.11111111111111,8.333333333333332,8.333333333333332,19.444444444444446,33.33333333333333,1.3888888888888888,0.350832,206,0.296604,225
Sukamerindu,Guru Agung,0,14.85148514851485,11.55115511551155,7.260726072607261,5.6105610561056105,16.831683168316832,39.93399339933993,3.96039603960396,0.338726,229,0.295872,226
Lahat Selatan,Karang Baru,2,8.430232558139535,18.023255813953487,11.627906976744184,11.627906976744184,13.08139534883721,34.30232558139535,2.9069767441860463,0.371729,182,0.294935,227
Pulau Pinang,Lubuk Sepang,2,13.692946058091287,16.59751037344398,9.95850622406639,6.639004149377594,11.20331950207469,39.83402489626556,2.0746887966804977,0.346152,215,0.294886,228
Gumay Ulu,Trans SP II Padang Muara Dua,1,19.021739130434785,10.326086956521738,5.434782608695652,5.434782608695652,11.41304347826087,46.19565217391305,2.1739130434782608,0.309755,273,0.294226,229
Tanjungsakti Pumu,Gunung Ayu,0,15.27777777777778,13.88888888888889,5.555555555555555,6.597222222222222,23.26388888888889,32.98611111111111,2.430555555555556,0.349847,207,0.293653,230
Lahat,Padang Lengkuas,0,13.108614232209735,10.112359550561797,10.112359550561797,6.367041198501873,8.239700374531834,47.19101123595505,4.868913857677903,0.328029,245,0.292153,231
Mulak Sebingkai,Talang Berangin,1,16.23931623931624,11.11111111111111,4.273504273504273,4.273504273504273,20.51282051282051,40.17094017094017,3.418803418803419,0.323179,252,0.291801,232
Mulak Sebingkai,Lubuk Dendan,0,16.748768472906402,13.79310344827586,8.866995073891626,4.926108374384237,10.83743842364532,43.34975369458128,1.477832512315271,0.323904,250,0.289405,233
Lahat,Giri Mulya,2,13.648293963254591,11.548556430446194,13.123359580052494,12.335958005249344,11.548556430446194,35.170603674540686,2.6246719160104988,0.367621,186,0.289308,234
Lahat,Gunung Gajah,1,10.999371464487744,6.78818353236958,4.965430546825895,6.66247642991829,7.416719044626022,56.50534255185418,6.66247642991829,0.286829,300,0.288833,235
Pagar Gunung,Pagar Alam,0,17.75700934579439,11.214953271028037,10.2803738317757,2.803738317757009,21.49532710280374,35.51401869158878,0.9345794392523364,0.33095,239,0.287894,236
Tanjungsakti Pumu,Gunung Meraksa,0,17.286652078774615,8.315098468271334,6.3457330415754925,3.719912472647703,23.63238512035011,37.63676148796499,3.063457330415755,0.323748,251,0.287736,237
Gumay Talang,Suka Makmur,1,12.25710014947683,5.082212257100149,4.334828101644246,4.484304932735426,20.02989536621824,47.53363228699551,6.278026905829597,0.293879,292,0.286709,238
Kikim Timur,Lubuk Tapang,1,13.302752293577983,13.761467889908255,7.79816513761468,6.422018348623854,18.34862385321101,37.15596330275229,3.211009174311927,0.344383,220,0.28605,239
Kikim Timur,Tanjung Bindu,2,10.48951048951049,11.888111888111888,13.986013986013988,5.594405594405594,16.083916083916083,37.76223776223776,4.195804195804196,0.351236,205,0.285227,240
Tanjung Sakti Pumi,Pajar Bulan,1,8.027522935779817,14.449541284403669,11.009174311926609,7.79816513761468,13.302752293577983,40.825688073394495,4.587155963302752,0.343781,222,0.284086,241
Gumay Ulu,Tinggi Hari,2,14.85148514851485,9.9009900990099,10.891089108910892,15.84158415841584,11.88118811881188,34.65346534653465,1.98019801980198,0.361755,194,0.284075,242
Merapi Timur,Arahan,1,6.594488188976378,13.582677165354331,8.366141732283465,9.05511811023622,14.960629921259844,42.02755905511811,5.413385826771654,0.334502,236,0.283318,243
Kikim Timur,Patikal Lama,0,13.78299120234604,12.903225806451612,8.211143695014663,6.744868035190615,15.249266862170089,39.88269794721408,3.225806451612903,0.337843,231,0.283295,244
Pajar Bulan,Jenti'an,0,14.62264150943396,12.264150943396226,7.075471698113208,6.132075471698113,13.20754716981132,43.39622641509434,3.30188679245283,0.325397,249,0.282526,245
Gumay Talang,Ngalam Baru,2,13.084112149532707,12.77258566978193,13.707165109034266,9.345794392523365,7.78816199376947,40.809968847352025,2.4922118380062304,0.34811,210,0.282181,246
Kikim Timur,Kencana Sari,1,15.43778801843318,11.059907834101384,4.838709677419355,3.686635944700461,22.58064516129032,39.1705069124424,3.225806451612903,0.320268,255,0.281712,247
Sukamerindu,Karang Caya,1,9.66183574879227,9.420289855072465,9.903381642512077,4.830917874396135,12.07729468599034,48.30917874396136,5.797101449275362,0.313016,266,0.281312,248
Sukamerindu,Kapitan,0,9.352517985611511,7.194244604316546,10.071942446043163,11.510791366906476,12.949640287769784,43.16546762589928,5.755395683453238,0.331667,237,0.281199,249
Kota Agung,Lawang Agung,2,13.846153846153848,14.871794871794872,7.6923076923076925,9.743589743589745,10.256410256410255,41.53846153846154,2.051282051282051,0.335262,234,0.280611,250
Kikim Timur,Lubuk Layang Ulu,2,10.679611650485436,16.50485436893204,11.650485436893204,12.62135922330097,12.135922330097088,34.95145631067961,1.4563106796116505,0.359656,196,0.280097,251
Kikim Timur,Bunga Mas,1,11.224489795918368,11.83673469387755,5.408163265306123,6.020408163265306,13.877551020408164,46.63265306122449,5.0,0.313912,263,0.280089,252
Mulak Sebingkai,Danau Belidang,1,8.771929824561402,17.543859649122805,6.432748538011696,5.847953216374268,16.95906432748538,40.93567251461988,3.508771929824561,0.328353,244,0.279497,253
Kota Agung,Singapure,0,17.708333333333336,8.854166666666668,7.8125,5.729166666666666,16.666666666666664,41.14583333333333,2.083333333333333,0.317686,259,0.279401,254
Merapi Timur,Muara Lawai,2,6.0,10.909090909090908,11.272727272727272,12.363636363636363,11.272727272727272,42.72727272727273,5.454545454545454,0.336882,232,0.277569,255
Mulak Ulu,Babatan,1,14.285714285714285,14.285714285714285,5.357142857142857,7.142857142857142,8.035714285714286,48.21428571428572,2.6785714285714284,0.311003,269,0.277054,256
Pseksu,Tanjung Raya,1,13.333333333333334,15.416666666666668,5.416666666666667,5.0,6.666666666666667,51.24999999999999,2.9166666666666665,0.301968,286,0.276614,257
Gumay Talang,Batay,2,8.108108108108109,13.175675675675674,13.513513513513514,12.5,11.14864864864865,37.83783783783784,3.716216216216216,0.3569,199,0.276439,258
Gumay Ulu,Tanjung Aur,0,12.605042016806722,15.966386554621849,9.243697478991598,5.88235294117647,16.80672268907563,37.81512605042017,1.680672268907563,0.335402,233,0.275211,259
Mulak Ulu,Sengkuang,2,13.580246913580249,14.814814814814811,11.11111111111111,11.11111111111111,16.049382716049383,33.33333333333333,0.0,0.347924,211,0.274779,260
Gumay Talang,Indikat Ilir,1,16.2839248434238,7.724425887265135,8.768267223382047,8.977035490605429,10.020876826722338,45.3027139874739,2.9227557411273484,0.316853,261,0.27387,261
Kikim Selatan,Tanjung Alam,1,11.612903225806452,7.419354838709677,5.161290322580645,5.483870967741936,18.387096774193548,46.45161290322581,5.483870967741936,0.300171,288,0.272257,262
Sukamerindu,Gunung liwat,1,11.11111111111111,12.777777777777777,5.0,4.444444444444445,16.666666666666664,45.55555555555556,4.444444444444445,0.308598,276,0.271876,263
Kikim Barat,Singapura,1,11.3314447592068,6.232294617563739,2.8328611898017,1.9830028328611895,28.328611898017,43.626062322946176,5.6657223796034,0.286311,301,0.271764,264
Kota Agung,Mutar Alam Baru,2,12.280701754385964,8.771929824561402,14.912280701754383,17.543859649122805,20.175438596491222,25.438596491228072,0.8771929824561403,0.380118,167,0.271443,265
Pajar Bulan,Suka Bumi,2,9.278350515463918,11.34020618556701,21.649484536082475,10.309278350515465,13.402061855670103,32.98969072164948,1.0309278350515465,0.358678,197,0.270487,266
Lahat,Talang Jawa Utara,1,8.339429407461594,9.070958302852963,7.388441843452817,8.19312362838332,13.094367227505485,48.13460131675201,5.779078273591807,0.306345,283,0.268945,267
Tanjungsakti Pumu,Kembang Ayun,2,15.165876777251183,9.004739336492891,7.109004739336493,13.270142180094789,13.270142180094789,39.81042654028436,2.3696682464454977,0.330762,240,0.268842,268
Kikim Barat,Purworejo,1,12.903225806451612,5.529953917050691,5.0691244239631335,10.138248847926269,10.138248847926269,51.1520737327189,5.0691244239631335,0.293444,293,0.267534,269
Gumay Ulu,Simpur,1,11.688311688311687,7.142857142857142,11.688311688311687,7.142857142857142,14.285714285714285,43.50649350649351,4.545454545454546,0.321499,253,0.267183,270
Kikim Timur,Muara Danau,0,14.619883040935672,11.11111111111111,11.695906432748536,3.508771929824561,9.35672514619883,47.368421052631575,2.3391812865497075,0.308305,277,0.265779,271
Merapi Barat,Tanjung Pinang,1,9.973753280839896,15.485564304461944,5.2493438320209975,6.824146981627297,14.435695538057743,44.61942257217848,3.4120734908136483,0.313023,265,0.264983,272
Pagar Gunung,Danau,1,14.17910447761194,14.17910447761194,8.208955223880597,3.731343283582089,14.925373134328357,43.28358208955223,1.4925373134328357,0.309495,274,0.264793,273
Tanjungsakti Pumu,Genting,0,13.8996138996139,15.444015444015443,8.108108108108109,3.861003861003861,14.671814671814673,43.24324324324324,0.7722007722007722,0.305846,284,0.264173,274
Pulau Pinang,Tanjung Sirih,0,12.312312312312311,11.711711711711713,8.708708708708707,7.207207207207207,15.315315315315312,41.44144144144144,3.303303303303303,0.325893,247,0.264023,275
Kikim Timur,Batu Urip,1,12.12121212121212,8.712121212121213,7.575757575757576,6.0606060606060606,14.772727272727272,46.21212121212121,4.545454545454546,0.307435,280,0.263755,276
Kikim Tengah,Tanjung Aur,1,9.120521172638435,7.247557003257329,4.641693811074918,3.5830618892508146,14.087947882736158,55.13029315960912,6.188925081433225,0.269564,313,0.263722,277
Lahat,Ulak Mas,1,9.393939393939393,10.606060606060606,6.0606060606060606,4.242424242424243,16.666666666666664,47.87878787878788,5.151515151515151,0.296875,291,0.26217,278
Lahat Selatan,Karang Anyar,1,7.420494699646643,13.427561837455832,8.480565371024735,5.653710247349824,14.487632508833922,45.936395759717314,4.593639575971731,0.310359,271,0.261439,279
Tanjungsakti Pumu,Tanjung Alam,1,13.37719298245614,8.991228070175438,5.701754385964912,4.605263157894736,17.982456140350877,45.39473684210527,3.947368421052632,0.299705,289,0.259664,280
Kota Agung,Bintuhan,2,12.5,15.27777777777778,12.5,6.944444444444445,9.722222222222223,43.05555555555556,0.0,0.312989,267,0.259409,281
Tanjungsakti Pumu,Simpang III Pumu,1,6.066176470588236,6.4338235294117645,4.963235294117647,4.227941176470589,22.426470588235293,49.44852941176471,6.4338235294117645,0.27122,311,0.257611,282
Lahat,Kota Jaya,1,11.55778894472362,9.346733668341708,10.050251256281408,7.236180904522612,13.467336683417086,44.42211055276382,3.919597989949749,0.316158,262,0.256982,283
Kota Agung,Pandan Arang Ulu,1,13.934426229508196,13.934426229508196,4.918032786885246,6.557377049180328,12.295081967213116,46.72131147540984,1.639344262295082,0.297081,290,0.255834,284
Lahat,Bandar Agung,1,3.6908077994428967,3.447075208913649,2.054317548746518,2.6462395543175488,10.236768802228411,70.40389972144847,7.520891364902507,0.200061,361,0.255591,285
Kota Agung,Gunung Liwat,2,12.727272727272728,10.909090909090908,14.545454545454543,10.909090909090908,18.181818181818183,32.72727272727273,0.0,0.339721,227,0.255224,286
Lahat,Kota Baru,1,5.57134735645253,9.835133598635588,6.310403638430927,7.845366685616828,16.770892552586698,47.98180784536669,5.6850483229107445,0.292488,294,0.254455,287
Kikim Tengah,Suka Raja,1,12.727272727272728,11.818181818181818,6.363636363636363,5.454545454545454,19.090909090909093,41.81818181818181,2.727272727272727,0.308752,275,0.251694,288
Tanjungtebat,Muara Danau,2,8.695652173913043,13.526570048309178,13.043478260869565,12.560386473429952,10.628019323671497,39.61352657004831,1.932367149758454,0.335104,235,0.25135,289
Tanjungsakti Pumu,Batu Rancing,2,13.963963963963964,11.711711711711713,9.45945945945946,7.657657657657657,13.513513513513514,42.34234234234234,1.351351351351351,0.312737,268,0.25128,290
Lahat,Makarti Tama,2,11.08433734939759,9.156626506024097,12.289156626506024,10.361445783132533,12.048192771084338,41.9277108433735,3.132530120481928,0.325984,246,0.250782,291
Merapi Barat,Karang Endah,1,11.224489795918368,7.142857142857142,7.142857142857142,3.061224489795918,16.666666666666664,50.0,4.761904761904762,0.281072,305,0.248881,292
Jarai,Aromantai,2,10.44776119402985,9.25373134328358,12.238805970149254,11.343283582089551,8.358208955223882,45.07462686567164,3.2835820895522385,0.319782,256,0.248462,293
Kikim Timur,Sendawar,0,13.23529411764706,8.823529411764707,7.352941176470589,7.352941176470589,19.11764705882353,41.17647058823529,2.941176470588235,0.310086,272,0.247294,294
Kota Agung,Karang Endah,1,16.352201257861633,7.547169811320755,7.547169811320755,9.433962264150944,10.69182389937107,47.16981132075472,1.257861635220126,0.290584,296,0.247282,295
Kota Agung,Tebat Langsat,1,11.76470588235294,13.725490196078432,10.784313725490197,4.901960784313726,16.666666666666664,41.17647058823529,0.9803921568627452,0.307956,278,0.24386,296
Kikim Barat,Jajaran Baru,1,9.505703422053232,7.224334600760455,4.562737642585551,2.281368821292776,17.110266159695815,53.99239543726235,5.323193916349809,0.260558,327,0.243683,297
Merapi Barat,Suka Cinta,2,10.227272727272728,12.045454545454543,11.59090909090909,8.863636363636363,8.409090909090908,46.36363636363636,2.5,0.310631,270,0.241506,298
Pagar Gunung,Kedaton,1,7.052896725440807,10.831234256926953,8.060453400503778,4.785894206549118,12.846347607052897,51.63727959697732,4.785894206549118,0.28258,304,0.241073,299
Kikim Barat,Penantian,1,11.055276381909549,8.542713567839195,9.045226130653267,6.030150753768844,10.050251256281408,51.256281407035175,4.0201005025125625,0.288931,298,0.241031,300
Kota Agung,Suka Raja,1,9.859154929577464,7.746478873239436,7.042253521126761,4.225352112676056,10.56338028169014,55.633802816901415,4.929577464788732,0.269246,314,0.240744,301
Lahat,Bandar Jaya,1,3.164961636828645,2.749360613810742,2.6214833759590794,2.429667519181585,7.448849104859335,74.52046035805625,7.065217391304348,0.1823,367,0.239664,302
Kikim Timur,Marga Mulya,1,10.364464692482915,10.82004555808656,9.681093394077449,8.88382687927107,9.567198177676538,47.49430523917996,3.189066059225513,0.304723,285,0.23961,303
Tanjungsakti Pumu,Gunung Raya,1,11.182108626198085,14.376996805111824,6.389776357827476,7.028753993610224,18.210862619808307,41.5335463258786,1.2779552715654952,0.30178,287,0.238549,304
Kikim Barat,Saung Naga,1,7.291666666666667,6.597222222222222,9.375,4.166666666666666,14.930555555555555,52.43055555555556,5.208333333333334,0.270874,312,0.235445,305
Merapi Timur,Tanjung Jambu,1,5.604203152364273,9.457092819614711,8.231173380035026,7.705779334500876,13.835376532399298,50.26269702276708,4.903677758318739,0.282804,303,0.234157,306
Lahat Selatan,Banjar Negara,1,7.82608695652174,9.565217391304348,9.565217391304348,6.521739130434782,12.173913043478262,50.0,4.3478260869565215,0.288742,299,0.234133,307
Kikim Selatan,Sirah Pulau,1,12.643678160919542,12.06896551724138,7.471264367816093,5.747126436781609,13.218390804597702,47.12643678160919,1.7241379310344829,0.28956,297,0.234043,308
Kikim Barat,Ulak Bandung,1,8.51063829787234,13.47517730496454,7.446808510638298,4.609929078014184,13.47517730496454,49.29078014184397,3.191489361702128,0.285728,302,0.232588,309
Merapi Barat,Negeri Agung,1,8.333333333333332,11.805555555555555,9.375,6.597222222222222,11.11111111111111,49.30555555555556,3.4722222222222223,0.292128,295,0.23145,310
Kikim Timur,Binjai,1,8.904109589041095,6.849315068493151,7.534246575342466,7.534246575342466,7.534246575342466,56.84931506849316,4.794520547945205,0.266973,322,0.230556,311
Kikim Timur,Padu Raksa,1,8.902077151335313,10.089020771513352,9.495548961424332,8.902077151335313,16.61721068249258,42.72997032640949,3.2640949554896146,0.307137,282,0.230218,312
Kikim Tengah,Kepala Siring,1,10.79136690647482,12.23021582733813,5.035971223021583,4.316546762589928,15.107913669064748,49.64028776978417,2.877697841726619,0.277452,308,0.229292,313
Lahat,RD. PJKA,1,7.03125,6.138392857142857,5.245535714285714,4.6875,14.84375,56.58482142857143,5.46875,0.249132,330,0.228568,314
Kikim Barat,Lubuk Seketi,2,7.87037037037037,11.11111111111111,14.814814814814811,6.944444444444445,18.51851851851852,38.88888888888889,1.851851851851852,0.313529,264,0.227978,315
Merapi Timur,Banjar Sari,1,7.855361596009976,6.857855361596011,5.112219451371571,5.610972568578553,9.850374064837904,59.47630922693266,5.236907730673317,0.248739,331,0.227385,316
Pulau Pinang,Jati,1,6.799336650082918,7.79436152570481,8.12603648424544,6.301824212271974,12.106135986733,54.22885572139303,4.643449419568822,0.264886,325,0.219639,317
Lahat,RD. PJKA Bandar Agung,1,7.529411764705881,9.647058823529411,6.11764705882353,6.352941176470588,13.176470588235295,52.94117647058824,4.235294117647059,0.268116,318,0.219389,318
Lahat,Pagar Agung,1,6.052115438498179,8.573830204539085,6.864667974222471,8.293639674978985,13.0568786775007,52.675819557298965,4.483048472961614,0.267742,320,0.216808,319
Kikim Timur,Cempaka Sakti,1,10.517241379310343,10.86206896551724,8.793103448275861,6.551724137931035,11.03448275862069,50.0,2.2413793103448274,0.2803,307,0.215555,320
Kikim Timur,Purwaraja,1,9.722222222222223,10.97222222222222,5.277777777777778,6.388888888888888,17.083333333333332,47.77777777777778,2.7777777777777777,0.276709,309,0.214116,321
Kikim Tengah,Muara Lingsing,1,10.569105691056912,5.691056910569105,6.504065040650407,3.252032520325204,12.195121951219512,57.72357723577236,4.065040650406504,0.24496,334,0.212869,322
Kikim Barat,Wanaraya,1,9.396914446002803,6.732117812061711,5.189340813464235,4.207573632538569,14.58625525946704,55.68022440392707,4.207573632538569,0.248674,332,0.211102,323
Merapi Timur,Tanjung Lontar,1,5.294117647058823,13.529411764705882,8.529411764705882,6.764705882352941,11.470588235294118,51.76470588235295,2.647058823529412,0.269067,315,0.208571,324
Kikim Barat,Babatan Baru,1,8.878504672897195,9.345794392523365,8.411214953271028,5.607476635514018,10.74766355140187,53.73831775700935,3.2710280373831773,0.26572,324,0.207057,325
Kikim Tengah,Sungai Laru,1,6.223628691983123,6.118143459915612,3.059071729957806,2.4261603375527425,13.18565400843882,63.92405063291139,5.063291139240507,0.211983,357,0.204565,326
Tanjung Sakti Pumi,Pagar Agung,1,6.837606837606838,11.11111111111111,6.837606837606838,9.401709401709402,17.94871794871795,45.2991452991453,2.564102564102564,0.281042,306,0.202926,327
Kikim Tengah,Banyu Mas,1,11.428571428571429,7.6190476190476195,2.857142857142857,3.8095238095238098,13.65079365079365,57.460317460317455,3.1746031746031744,0.237347,341,0.202817,328
Kikim Barat,Sido Makmur,1,9.28462709284627,5.78386605783866,3.1963470319634704,3.8051750380517504,21.00456621004566,52.96803652968036,3.95738203957382,0.240003,337,0.202285,329
Kikim Timur,Linggar Jaya,1,9.96309963099631,10.88560885608856,7.195571955719557,7.011070110701106,15.682656826568268,47.60147601476015,1.6605166051660518,0.273207,310,0.201504,330
Merapi Barat,Purwosari,1,11.76470588235294,7.720588235294118,6.61764705882353,4.044117647058823,29.411764705882355,39.70588235294117,0.7352941176470588,0.267414,321,0.200476,331
Merapi Barat,Suka Marga,1,8.91089108910891,11.22112211221122,5.6105610561056105,7.590759075907591,13.861386138613865,50.495049504950494,2.31023102310231,0.266762,323,0.200241,332
Lahat,Lahat Tengah,1,3.672985781990521,6.6350710900473935,5.924170616113744,7.819905213270142,12.914691943127965,58.29383886255924,4.739336492890995,0.234849,344,0.200183,333
Kikim Barat,Purnama Sari,1,10.14851485148515,9.653465346534654,5.9405940594059405,5.9405940594059405,18.31683168316832,47.77227722772277,2.2277227722772275,0.267791,319,0.199807,334
Gumay Talang,Sukarami,1,9.06148867313916,9.70873786407767,8.090614886731391,9.70873786407767,8.414239482200648,52.75080906148867,2.26537216828479,0.268585,316,0.19801,335
Kikim Timur,Suka Harjo,1,6.504065040650407,7.804878048780488,8.617886178861788,8.94308943089431,11.219512195121952,53.333333333333336,3.577235772357724,0.262166,326,0.197499,336
Kikim Tengah,Tanjung Baru,1,7.086614173228346,11.811023622047244,5.511811023622047,2.3622047244094486,11.811023622047244,58.26771653543307,3.149606299212598,0.23932,338,0.197375,337
Lahat Selatan,Tanjung Payang,1,4.059609455292908,8.17060637204522,6.5775950668037,7.708119218910586,13.771839671120247,55.54984583761562,4.1623843782117165,0.244756,335,0.195363,338
Merapi Barat,Kebur,1,8.774193548387096,5.032258064516129,3.612903225806452,4.387096774193548,18.580645161290324,55.612903225806456,4.0,0.231804,345,0.194723,339
Merapi Timur,Prabu Menang,1,7.5403949730700175,8.43806104129264,4.488330341113106,7.360861759425494,8.797127468581687,59.60502692998204,3.7701974865350087,0.240054,336,0.194114,340
Merapi Barat,Gunung Agung,1,7.130730050933787,7.30050933786078,7.470288624787775,3.0560271646859083,13.412563667232597,57.72495755517827,3.904923599320883,0.237736,340,0.192714,341
Jarai,Muara Tawi,1,8.955223880597014,9.701492537313433,6.7164179104477615,5.970149253731343,23.88059701492537,43.28358208955223,1.4925373134328357,0.268176,317,0.18893,342
Merapi Timur,Gunung Kembang,1,7.515473032714412,5.658709106984968,7.957559681697612,9.195402298850574,9.902740937223696,56.32183908045977,3.4482758620689653,0.247601,333,0.187252,343
Merapi Barat,Merapi,1,4.519774011299435,3.2015065913371,2.919020715630885,2.6365348399246704,15.34839924670433,66.47834274952919,4.896421845574388,0.18465,366,0.185213,344
Kikim Barat,Suka Merindu,1,7.769423558897243,6.265664160401002,4.260651629072681,3.258145363408521,17.293233082706767,57.393483709273184,3.7593984962406015,0.225293,348,0.183499,345
Jarai,Karang Tanding,1,7.6923076923076925,10.526315789473683,10.931174089068826,6.477732793522267,12.550607287449392,51.012145748987855,0.8097165991902834,0.254986,328,0.180502,346
Lahat,Kota Negara,1,5.751173708920188,4.342723004694836,4.107981220657277,6.338028169014084,14.553990610328638,60.68075117370893,4.225352112676056,0.213385,356,0.17909,347
Merapi Barat,Muara Temiang,1,6.031746031746032,9.523809523809524,5.396825396825397,3.8095238095238098,15.23809523809524,56.82539682539682,3.1746031746031744,0.23164,346,0.17756,348
Merapi Timur,Sirah Pulau,1,3.65296803652968,6.164383561643835,3.1963470319634704,2.054794520547945,10.50228310502283,69.86301369863014,4.5662100456621,0.182183,368,0.177203,349
Kikim Barat,Jajaran Lama,1,9.1324200913242,5.47945205479452,2.73972602739726,2.28310502283105,25.570776255707763,52.05479452054794,2.73972602739726,0.221259,351,0.17452,350
Lahat,Pagar Sari,1,6.236559139784946,6.021505376344086,4.301075268817205,6.451612903225806,16.129032258064516,57.204301075268816,3.655913978494624,0.225069,349,0.173782,351
Merapi Barat,Lubuk Kepayang,1,5.964912280701754,9.473684210526317,7.719298245614035,4.56140350877193,11.929824561403509,57.54385964912281,2.807017543859649,0.234883,343,0.173186,352
Kikim Tengah,Purbamas,1,9.973753280839896,9.973753280839896,4.724409448818897,7.086614173228346,6.299212598425196,60.629921259842526,1.3123359580052494,0.227849,347,0.17287,353
Lahat,Keban,1,8.06845965770171,9.290953545232274,6.356968215158925,9.535452322738386,15.892420537897312,49.63325183374083,1.2224938875305624,0.252057,329,0.171445,354
Merapi Barat,Tanjung Baru,1,5.25,11.0,4.25,6.75,16.75,53.75,2.25,0.235064,342,0.170303,355
Lahat,Sari Bunga Mas,1,6.182121971595656,5.764411027568922,6.349206349206349,6.098579782790309,11.194653299916457,60.81871345029239,3.592314118629908,0.220736,352,0.1698,356
Pagar Gunung,Rimba Sujud,1,6.0606060606060606,6.0606060606060606,7.575757575757576,8.333333333333332,14.393939393939394,54.54545454545454,3.0303030303030303,0.238926,339,0.169489,357
Lahat,Ulak Lebar,1,5.224787363304982,5.953827460510328,4.738760631834751,6.804374240583232,7.776427703523693,65.61360874848117,3.888213851761847,0.206793,359,0.169057,358
Pulau Pinang,Muara Siban,1,4.926108374384237,4.1871921182266005,4.310344827586207,3.940886699507389,13.423645320197044,65.02463054187191,4.1871921182266005,0.193772,364,0.168704,359
Merapi Barat,Ulak Pandan,1,5.749486652977413,6.981519507186857,5.852156057494867,5.133470225872689,12.833675564681725,60.06160164271047,3.388090349075976,0.219437,353,0.165578,360
Lahat,Selawi,1,2.9432878679109837,3.804737975592247,3.5175879396984926,3.230437903804738,10.265613783201722,71.85929648241206,4.379038047379756,0.166615,371,0.163383,361
Lahat,Manggul,1,3.2076289553532726,4.59471174685739,3.814477676636324,5.028175119202427,10.489813610749891,68.66059817945384,4.204594711746858,0.18157,369,0.163322,362
Lahat,Kota Raya,1,7.908163265306123,7.142857142857142,5.612244897959184,6.377551020408164,12.244897959183673,58.41836734693877,2.295918367346939,0.223476,350,0.155316,363
Merapi Barat,Muara Maung,1,3.75494071146245,6.126482213438735,3.557312252964427,4.3478260869565215,17.588932806324113,61.26482213438735,3.3596837944664038,0.194625,363,0.15055,364
Merapi Barat,Tanjung Telang,1,5.504587155963304,5.275229357798166,7.110091743119266,4.587155963302752,18.11926605504587,56.65137614678899,2.752293577981652,0.214217,354,0.148984,365
Kikim Barat,Wonorejo,1,4.414587332053743,4.990403071017274,3.45489443378119,3.45489443378119,17.274472168905948,62.95585412667947,3.45489443378119,0.187356,365,0.148734,366
Kikim Barat,Bandar Jaya,1,4.885057471264368,8.620689655172415,5.747126436781609,6.0344827586206895,11.20689655172414,61.206896551724135,2.2988505747126435,0.210081,358,0.144063,367
Merapi Barat,Payo,1,6.029106029106029,7.484407484407485,6.237006237006238,5.405405405405405,12.889812889812893,59.66735966735966,2.2869022869022877,0.213419,355,0.143593,368
Merapi Barat,Telatang,1,3.256704980842912,3.8314176245210727,6.130268199233716,4.022988505747127,12.643678160919542,66.66666666666666,3.4482758620689653,0.179308,370,0.143559,369
Kikim Barat,Sukarami,1,7.211538461538461,5.288461538461538,5.288461538461538,5.769230769230769,12.980769230769232,61.05769230769232,2.403846153846154,0.205187,360,0.140048,370
Merapi Barat,Lebak Budi,1,5.868544600938967,6.572769953051644,5.164319248826291,5.633802816901409,11.502347417840376,62.91079812206573,2.3474178403755865,0.199437,362,0.133092,371
