KELURAHAN,KECAMATAN,JUMLAH_KELUARGA,pct_desil1_z,pct_desil2_z,pct_desil3_z,pct_desil4_z,pct_desil5_z,pct_desil6_10_z,pct_belum_prmk_z,pct_nonaktif_z
Kembang Ayun,Tanjungsakti Pumu,211,0.005253333360578699,-0.8646079100407452,-0.5574756070368186,2.0251133279241054,0.0009221406848714036,0.1251940844042697,-0.7483340640636579,-1.1532220067526293
Gunung Meraksa,Tanjungsakti Pumu,457,0.32310368058999617,-0.9964214161094005,-0.7877819677313209,-1.1602183638780188,2.4035261462676765,-0.056353777308855234,-0.32913007238366676,1.331806935055279
Tanjung Alam,Tanjungsakti Pumu,456,-0.26282493256926237,-0.8671903663115338,-0.9820933524894274,-0.8649233099928733,1.0935257846789663,0.5916043040268295,0.20495019213239782,0.15065254106289905
Batu Rancing,Tanjungsakti Pumu,222,-0.17488286719230625,-0.34721467531447103,0.1517406185309181,0.1531557555185669,0.057350555255651046,0.33666360194139977,-1.3636255367627894,-0.5081988811483683
Suban,Tanjungsakti Pumu,346,0.1146733277476908,-0.5970429343208549,0.0881031764200769,-0.18380047641141048,1.4809019460231454,-0.3031332605164856,-0.08456996180335984,0.05000224122055096
Genting,Tanjungsakti Pumu,259,-0.18452730726250607,0.36615377968554536,-0.2560103994385435,-1.113159509322847,0.3259158667090607,0.41190823634331286,-1.7135621964380368,-0.10482045938636775
Gunung Ayu,Tanjungsakti Pumu,288,0.022024450907613187,0.06891692343553874,-1.0262067667141936,-0.20053611400458202,2.318086099469364,-0.44478327825346886,-0.711544492692016,0.8761734524264982
Ujung Pulau,Tanjungsakti Pumu,368,0.6238759492738877,-0.5601155869688049,-1.4726153389235137,-0.9507874709422973,0.830448888406861,0.3407529842458516,-0.7024227540793059,-0.2657333732849047
Muara Cawang,Tanjungsakti Pumu,286,1.2433219285850934,0.1543106997886274,-1.0144843209761438,-1.2347329791013875,2.2747359472555964,-1.0095839303473741,0.14379392029981428,0.028886793701176576
Kepala Siring,Tanjungsakti Pumu,267,0.033718786011460486,-0.08021974020016816,-1.0073718258092375,-1.15174462499122,2.5686541542394687,-0.38450126485446373,0.3091678089257518,1.0506245479678582
Simpang III Pumu,Tanjungsakti Pumu,544,-1.3585605983080802,-1.355996170154441,-1.204930966992475,-0.9907732321687446,2.1239211319908944,0.93018331925502,1.7073259582549136,0.6627849490842632
Gunung Raya,Tanjungsakti Pumu,313,-0.5918123195561329,0.16221072132650177,-0.774492524524313,-0.05660535322404867,1.1464844274756547,0.2691117097147624,-1.407973207158268,-1.3291319631368494
Talang Tinggi,Tanjungsakti Pumu,192,1.7913773521197431,-0.19654633783601919,-1.1309761254980135,-1.7060740718863059,1.1507284291414932,-0.4592835463413372,-0.921344480784352,1.6742464549264573
Karang Agung,Tanjungsakti Pumu,321,0.6270478178971375,-0.6803345242654939,-0.8225429664615342,-1.2579844136813934,2.7747964480926424,-0.4938402600086878,-0.10959499414671668,0.18319927353528512
Sadan,Jarai,514,1.1438160591377804,0.20319795053788337,0.5261734599347816,0.19466196712749567,-0.6851228057857793,-0.6811884272346738,0.05336830436058552,-0.5675284700300944
Penantian,Jarai,549,0.9809215873408025,0.9305845583825624,0.3752980983283825,0.21144589969066882,-0.4996737944254949,-1.0091051871157672,0.5713308443316103,0.01744214422236973
Bandar Aji,Jarai,412,1.4427612750676675,0.10499930846274069,-0.21246417421850386,-0.6199279424510968,-0.2620596452593263,-0.6455345626544466,0.7529816377777837,1.1311623552552577
Tertap,Jarai,355,0.3075836432490572,-0.5397791179026249,-1.4275767045902368,-0.42791638630004497,1.3653771003343695,-0.0001356207758958117,0.5431185346883468,-0.2711714479665279
Serambi,Jarai,345,0.38223031008021047,1.5139604152268011,0.44603048367409487,-1.0474641558631306,-0.9253130529318485,-0.5368284582895048,0.972328455214296,0.5443264964462784
Muara Tawi,Jarai,134,-0.925565777134002,-0.7314349986070685,-0.6759330895861982,-0.40968662250479876,2.4610769000550725,0.41527739907772654,-1.2783175948519083,-1.77251930756658
Kedaton,Jarai,128,2.1816757862106546,0.5500690844902373,0.8334493516986119,-0.576920603475013,-1.2644943370540993,-1.0465444039000185,-0.29194451650734465,-1.3729413728006576
Pelajaran,Jarai,267,1.1002421474823545,-0.08021974020016816,-1.1203814712389757,-0.1523901291803611,0.05030951712765873,-0.22809387873812811,-0.14343441257681497,-0.20151041816077955
Nanti Giri,Jarai,385,0.22369553789069138,-0.550267514543316,0.4324004101202878,0.8910917080039648,-0.9680806339300945,0.16272146007723728,-0.29684893181339916,0.4672434842033793
Pama Salak,Jarai,273,1.0811199819499098,-0.13528558523489065,0.2816832506310763,1.3864510656053164,-0.27319136653316095,-0.813504381059272,-0.4095247296140384,-0.7295398612946971
Jemaring,Jarai,216,0.5771155571702421,-0.5504973528647629,-1.1658992450926204,-0.8567962494914872,1.1104747163715667,0.12556059986936602,-0.5017445045996805,0.5375970271234856
Aromantai,Jarai,335,-0.7018723462520471,-0.8170171843304366,0.9903688316084083,1.3824393875201975,-1.1379655025862403,0.5648682244857093,-0.19612541746815865,-1.4606536023834211
Tanjung Menang,Jarai,401,0.2737880293403206,1.0367655218869543,-0.9718625606617383,-0.2383695060019934,0.5089778412658319,-0.4713249161000908,0.08004498856410364,0.0030153680771894844
Mangun Sari,Jarai,591,0.2428633618382404,-0.38654796138571296,-0.09870543819144179,-0.3128194993835002,1.0042212613443502,-0.34512153718253363,0.8869823201333441,-0.2912891308337086
Pagar Dewa,Jarai,291,0.6679616531694098,0.829729156770519,1.0302969355991398,0.5790961512585153,-0.5262329451190546,-0.9898139735974805,0.10386370845036089,0.1147504753459376
Sukananti,Jarai,252,0.46807980415436845,1.1307699685217705,0.8895757939042294,0.113806976102591,0.2363940962245904,-1.078652140380299,-0.26197308963701105,-1.0101809171188583
Lubuk Saung,Jarai,278,2.3147703601380587,0.4394196046346912,1.204852959905283,0.11856794679713366,-2.075070898514707,-1.2469923544815988,1.0800568444705922,1.9294836676291902
Karang Tanding,Jarai,247,-1.1148448340341177,-0.5737836038534962,0.5958095409349067,-0.24038996838637797,-0.16591021647889762,1.0607789702545476,-1.6908942346776967,1.4054806112431804
Gunung Raya,Jarai,215,1.2874385367539902,-0.6299305457723763,-0.036014501371299294,-0.22908477653328735,-0.8112188086076242,-0.053208596773629324,-0.21290359076092977,-1.5824988081293991
Gunung Megang,Jarai,151,0.5114052689288877,1.7179536060363416,0.09503352331662188,0.2496680537369219,0.14865090396166633,-1.3192166637377873,1.021042163938068,-1.3945628569141424
Bangke,Kota Agung,185,1.7019251704686373,1.5469015672717794,1.864294894002658,1.7457081733360749,-1.195954231526927,-1.9357243569963758,-1.5269293112779048,0.5083147416918737
Tebat Langsat,Kota Agung,102,-0.5044957895914985,0.03768595152123792,0.5514965185009788,-0.7659643968289397,0.7884450142121542,0.2392881927153943,-1.5877679723717713,-0.8736122749798282
Singapure,Kota Agung,192,0.38630298939246377,-0.8933873986738583,-0.34520593461936344,-0.4900626443664522,0.7884450142121542,0.23672932187635862,-0.921344480784352,0.36830881447197966
Gunung Liwat,Kota Agung,55,-0.3602314699959703,-0.5006224371107129,1.6863671770705284,1.2376211240838335,1.139750143840605,-0.466401859766291,-2.180144409338366,-1.812211306408073
Kebun Jati,Kota Agung,122,0.3120823035653392,0.07762063691985184,1.2546736999237245,1.699897045944479,-1.365458567444243,-0.3245023659180335,-1.1896133180171746,0.0935623709883866
Bintuhan,Kota Agung,72,-0.39429387878935873,0.33438018470709663,1.069180408962207,-0.084725501859834,-0.821703496584907,0.3962322708429145,-2.180144409338366,-1.0101809171188583
Mutar Alam Baru,Kota Agung,114,-0.427161115344383,-0.9091056180912536,1.7970517436708513,3.4505458162429985,1.6019937354569855,-1.0751633540734433,-1.6501233867893077,-0.03263695233422024
Pandan Arang Ulu,Kota Agung,122,-0.17930982329010295,0.07762063691985184,-1.2185701795631747,-0.21382585638184815,-0.2251566712732089,0.7024018658785681,-1.1896133180171746,-1.9616837516940695
Mutar Alam Lama,Kota Agung,102,1.258734783242735,-1.2740148688794009,0.255677152523134,-1.4199537359992815,1.0157600980893873,-0.08824727468116804,-0.9953915354051763,0.35550550427144534
Tanjung Raman,Kota Agung,85,0.20079643954219484,0.11264028411555987,1.5572823628256507,-1.616150537750384,-0.6209085058266854,0.042766912277457256,-0.04758923625862424,3.059564618624246
Tunggul Bute,Kota Agung,641,0.9355216907185195,-0.6177259582933893,-0.16059284453149353,-0.8919670230185455,1.3008791736545895,-0.6459773256380301,1.4018385386842893,-0.9848273002474937
Karang Endah,Kota Agung,159,0.1830532388092717,-1.1431983450119518,-0.4252655389730372,0.7456147361591139,-0.59689030828494,0.7398612655290098,-1.4201142637963198,-1.7548665318014953
Karang Agung,Kota Agung,192,0.5424223630288278,-0.5947412297433557,-0.5023599727950934,-0.4900626443664522,-0.6606886455052008,0.4977341474579947,-0.29194451650734465,1.8919027283355363
Suka Raja,Kota Agung,142,-0.7900894739238039,-1.105103696835858,-0.5776168361468514,-0.9916367744299733,-0.6266714234461084,1.4467869052654,0.7984244356908508,-0.09459396418676783
Gedung Agung,Kota Agung,204,-0.6514316706610177,0.7872292774644601,1.88268366540128,2.5039822990227685,-0.3481304051740069,-0.825202076323435,-1.291579753888474,-0.2590533853541912
Lawang Agung,Kota Agung,195,-0.19253961132082617,0.2567832314123335,-0.38147225112145494,0.8488862021993654,-0.6978459188312873,0.2695222358596929,-0.9407106335313369,0.0970756122237412
Sukarami,Kota Agung,365,-0.6252650069089117,0.39910958266098323,0.8521786685770896,0.797338886530301,-0.47144105341425857,-0.13356382564973374,0.30296777849420986,1.1333855234688262
Tanjung Beringin,Kota Agung,136,1.809744337253433,1.4899261455362307,-0.7057357869048616,-0.4389697272437692,-0.8595893438977793,-0.8661440097480052,-1.291579753888474,-0.2590533853541912
Pagaruyung,Kota Agung,331,0.08679905507496652,1.456383515579934,0.30572514193328304,0.01743975115003455,-1.1145462166754907,-0.5755923432394985,1.4707556855614945,-0.17550308313922586
Muara Gula,Kota Agung,131,0.4780678120642194,0.9159676349737916,1.2131383065277612,-1.6371181348840895,0.28696364596390944,-0.5858011526347254,-0.796425403904946,-0.46077882240688117
Tanjung Bulan,Kota Agung,301,0.8193916172541387,2.1767481341964134,-0.296650035781015,-0.5171877212973647,-0.7650005922179675,-0.8412524023835652,-0.5742335370302548,0.6944316693141555
Tanjung Mulak,Pulau Pinang,249,1.8854251675633364,-0.8969855452874791,0.3269589274575544,-0.391693389472419,-0.18928372005497723,-0.6505822638861104,0.4891180897641221,0.36044172025237375
Tanjung Sirih,Pulau Pinang,333,-0.4224234956607759,-0.34721467531447103,-0.07478772478544997,0.002914961384840119,0.4751188175165098,0.26141896753948674,-0.18420938748695617,1.1859904902520348
Lubuk Sepang,Pulau Pinang,241,-0.21550156707302423,0.586625358280485,0.3023208699802214,-0.1866003971904836,-0.4782942291369029,0.12716505553607338,-0.9265677170024185,-0.3840051927884496
Karang Dalam,Pulau Pinang,312,0.8546611103015571,-0.4415893482405339,0.682339699606564,-0.6905040884631314,-1.366676838700836,-0.06777630796888308,1.8867476675284498,2.6955566609229065
Kuba,Pulau Pinang,283,-0.46711280924872306,-0.28941157764479736,-0.3568675416924741,-0.2795164961386331,0.28321113520586816,0.2826895355682965,1.2359628172675812,2.4271987223027427
Jati,Pulau Pinang,603,-1.248678510630159,-1.0959517155769687,-0.2506007673593469,-0.2990615601575764,-0.2689659481023338,1.3294435543487308,0.6255390135083919,0.5491476087969352
Pagar Batu,Pulau Pinang,226,-0.4771891214281363,0.3743171355178616,-0.03228860196857366,-0.03963110421055155,-0.5110730759178634,0.12624497830419174,1.2954801721559035,-0.18835192017602062
Muara Siban,Pulau Pinang,812,-1.5294278467069642,-1.7854028030820426,-1.401931363732031,-1.0865158216932205,0.036513591435989874,2.2311233380407978,0.34985741750911076,-0.7071061718792858
Perigi,Pulau Pinang,97,0.3589418620541312,0.961092420080156,-0.5250419989235496,0.6937128395667197,-0.2075231367963371,-0.444484303653719,-0.9343217996354244,0.9764000525530155
Suka Cinta,Merapi Barat,440,-0.7349179667232446,-0.2834252233430746,0.7948751786918415,0.5553913361765911,-1.1261679422628974,0.6725282882263026,-0.669584495073549,-0.38755206227591565
Gunung Agung,Merapi Barat,589,-1.1990110576688195,-1.1903434364842111,-0.4484633417059638,-1.3816470599358233,0.03394418402541582,1.621443378138412,0.17930401362195958,-0.5647677396161804
Tanjung Pinang,Merapi Barat,381,-0.7729140920177071,0.37409516080284166,-1.1186017917833893,-0.12484886354777824,0.2711689572001853,0.5268488589730072,-0.11848783343887807,0.17807380385459456
Suka Marga,Merapi Barat,303,-0.9322101364671295,-0.44098280613557245,-1.0096096405702222,0.13084276629078592,0.13800878410799544,1.0175902934597025,-0.7842474588626276,-0.43551088831600754
Payo,Merapi Barat,481,-1.3641165158485207,-1.1551943312428714,-0.8205887320116443,-0.5980482151500685,-0.08726153552695395,1.78367580197819,-0.7983432403643128,0.664701452898065
Karang Endah,Merapi Barat,294,-0.5854604587522539,-1.2204760598834565,-0.5472611265595879,-1.3799135723766076,0.7884450142121542,0.9762429943576613,0.6971125702136667,0.36386684970852856
Tanjung Telang,Merapi Barat,436,-1.442728571466595,-1.5774423850009116,-0.5571476191315865,-0.8709626852278479,1.1252467210577783,1.531776201100226,-0.5171426688633378,-0.16884290614308858
Lubuk Kepayang,Merapi Barat,285,-1.3737375281290767,-0.7749768123961502,-0.373328236187652,-0.8795520188953676,-0.30984575946836757,1.6063178013757864,-0.4840771371813785,0.040678845024627854
Muara Temiang,Merapi Barat,315,-1.3637208465123074,-0.7653961834179288,-1.074101330729654,-1.1303298857952728,0.4572144634196165,1.5463106768978694,-0.26197308963701105,-0.2805141719760388
Ulak Pandan,Merapi Barat,974,-1.406024357632,-1.2513130946336875,-0.9367117908331482,-0.6887479964135507,-0.10027761351320554,1.8166035005424772,-0.13297902244970194,-1.1865703953641358
Negeri Agung,Merapi Barat,288,-1.0187713733348167,-0.32927796847179813,0.1262561799078267,-0.20053611400458202,-0.4996737944254949,0.9182419220061867,-0.08214452841500883,-1.1552850993915778
Lebak Budi,Merapi Barat,426,-1.3881805954602986,-1.3294388472061884,-1.1442567484424415,-0.5218697843216995,-0.4089612022679138,2.054572790187895,-0.7617782926577868,-0.2907911683865014
Tanjung Baru,Merapi Barat,400,-1.4808847192984553,-0.4832466600093016,-1.420139555741357,-0.14957944466089293,0.8077667963417196,1.2894487850556247,-0.8206404865000307,-0.824447563809777
Kebur,Merapi Barat,775,-0.9526976255248456,-1.6238823503761246,-1.6123744308259917,-0.9376893394368941,1.232222719897642,1.4450413391442904,0.23675145348534143,0.11919769897023247
Telatang,Merapi Barat,522,-1.7796290103672132,-1.8534032443929835,-0.8527954142444227,-1.0591320316294377,-0.1443306748013152,2.368268730793053,-0.09661349311103218,-0.9301234372442544
Muara Maung,Merapi Barat,506,-1.7049561301871377,-1.4147394063588596,-1.6291482148930154,-0.9507874709422973,1.0022829192033857,1.917098334003717,-0.15014294352793975,0.05429877575927551
Merapi,Merapi Barat,1062,-1.5903270463086254,-1.9738003751625504,-1.8217435927337085,-1.5215622491472158,0.4827897036879665,2.352539626426552,0.778391015963724,-0.301875756194396
Purwosari,Merapi Barat,272,-0.5044957895914985,-1.110052266329321,-0.7057357869048616,-1.0520847327159644,3.7435411046161753,0.11646239244168335,-1.73586208161342,-1.6418108870118737
Karang Rejo,Merapi Barat,138,0.5559979607363381,0.5998434459786539,-0.0787273481474735,1.4661296520785303,-0.7236944567972599,-0.7183970326071645,0.4469163111221855,0.6048917203514139
Lahat Tengah,Lahat,844,-1.717239092352485,-1.3175310098405595,-0.9149824237399012,0.20727092307384337,-0.08149304375403024,1.6689572233894916,0.6834762812110505,-0.806622443409261
Gunung Gajah,Lahat,1591,-0.6191999783333858,-1.288266085478887,-1.2042685807628735,-0.17877158035827184,-1.3562606577433032,1.5195792497482197,1.8454835205691293,-0.07480160009245107
Pagar Agung,Lahat,3569,-1.3606679898497576,-0.9469691013464556,-0.6312007449167483,0.36527773972698707,-0.04852543051485832,1.1997315757467004,0.5286209174464,-0.2406286722160733
Pasar Baru,Lahat,826,-1.4875075072551358,-1.5444312261809507,-1.4605049319391328,-1.3106915945882558,0.40481641018689885,1.3200362755111963,5.573819315217112,-0.2962542866632496
Kota Baru,Lahat,1759,-1.4327229132097477,-0.705891708382641,-0.798442111802694,0.2157632041257428,0.8126109725322473,0.8076804691383672,1.2548980335605928,-0.4333938548955177
Pasar Lama,Lahat,2993,-0.8305726763485143,-1.3021258740037334,-0.7568098454979296,-0.49534435120165354,-0.04691703308676858,1.041821219829559,2.46307350286889,0.24257286501514708
Pasar Bawah,Lahat,896,-0.6619270907374122,-1.4337947519766727,-0.10947487735576837,0.2792507077379456,1.012715699644603,0.3423741322308307,1.7985625076984295,0.4460431978323646
RD. PJKA,Lahat,896,-1.2139205903802721,-1.412462882767351,-1.11975083705689,-0.837494480800696,0.36578103012792595,1.5262174482618232,1.1242054031159217,0.30612130778367047
Bandar Agung,Lahat,2872,-1.7145680246389476,-1.926863973979321,-2.0826554541722118,-1.5183253914733719,-0.7024000136122004,2.6804082065118533,2.3641583968064883,-0.36347704069448095
Kota Negara,Lahat,852,-1.4057715107996072,-1.7556756329098164,-1.462991699108711,-0.2869862892675631,0.29859701656121745,1.8683158254535823,0.3729146006866769,0.2978004442127001
Kota Jaya,Lahat,995,-0.535507382581045,-0.7992413199590838,0.33000362638691416,0.012578690856757996,0.046643931448965725,0.5103690544250123,0.1881706321220509,-0.13984749018057543
RD. PJKA Bandar Agung,Lahat,425,-1.1392587958118225,-0.7418391074597134,-0.8566036635535625,-0.28201228584288723,-0.020796684390791905,1.2218945949050837,0.3789217983573243,-0.775282852639726
Sari Bunga Mas,Lahat,1197,-1.3411833128745767,-1.4839433567845515,-0.7867339466368908,-0.3668506021222277,-0.4803035867768086,1.8798386478332665,-0.00958212651841182,-1.1672861971735327
Bandar Jaya,Lahat,3128,-1.7933790072339137,-2.0602206401133243,-1.9115212460536857,-1.5905596505654573,-1.3488109374596486,3.0242297076171476,2.0888292614100306,-0.3258532646613258
Talang Jawa Selatan,Lahat,2481,-0.20778125345353265,-0.8061167527751828,-0.4404104970450476,-0.16930785946010973,0.15762504142104453,0.31136975869625894,1.9113358904841138,0.7612481327304508
Talang Jawa Utara,Lahat,1367,-1.0178577266712534,-0.8519512440478023,-0.47315944192703513,0.33175216405353886,-0.03983328336830943,0.8204420158100277,1.3117131832562372,0.15320009071509047
Padang Lengkuas,Lahat,267,-0.3030780649793482,-0.6529045285612817,0.348743919347624,-0.2773094411567182,-1.1654430663056285,0.7416319151831566,0.7617700304283194,1.5201751602660973
Selawi,Lahat,1393,-1.8266022743907495,-1.8585026203552266,-1.6411344604805345,-1.323475050285351,-0.6957119763574273,2.8019651913910155,0.4657753256265684,-0.24184750115074563
Sukanegara,Lahat,687,0.24109151959095443,-0.2765330846820347,0.1084133633463904,0.12363245536128474,-0.7809224425996543,-0.002430121651501173,1.5138012325319294,-0.10787368761513381
Kota Raya,Lahat,392,-1.0824935666557816,-1.2204760598834565,-1.0091015652801005,-0.27380405230023885,-0.2367924049076073,1.6793580347000276,-0.7928955084829217,-0.4534546667663831
Keban,Lahat,409,-1.058469209173892,-0.8099027728033106,-0.784391914166697,0.7794651784965739,0.6089272340352699,0.9456116211842661,-1.4414843045633945,0.14213787022049043
Pagar Sari,Lahat,465,-1.3330245641383371,-1.434804001702705,-1.4047283210299304,-0.24910185458141199,0.6637883553117371,1.577957344945863,0.02884643302738827,-0.6357185112537753
Pagar Negara,Lahat,551,0.2891179709582113,-0.29627573000155916,1.8974477898375608,2.07847380883662,-1.2243867357642815,-0.8200007417685895,1.3289602916760914,0.5361925099327025
Senabing,Lahat,380,1.0058503984546678,0.2812875324527849,-0.4792004303270915,-0.2944036627955883,0.4630255257142223,-0.606270474432048,-0.2720687281617549,-0.6924791285638509
Manggul,Lahat,2307,-1.7869842599928176,-1.7075121305351202,-1.5515522120593304,-0.7238675538004201,-0.6437286937009667,2.534804969742412,0.36037248157948903,-1.0494288623889825
Ulak Lebar,Lahat,823,-1.4846634531050609,-1.4477395218850748,-1.2726629983125843,-0.13144375609076533,-1.2728581096952385,2.2803157073487763,0.16920758368589386,-0.6914101254431874
Giri Mulya,Lahat,381,-0.2221937818673822,-0.37839912311653523,1.2572702814244983,1.7135306174271188,-0.3982471165800107,-0.262331086092727,-0.5942547355695292,-1.0284617589799883
Makarti Tama,Lahat,415,-0.6064657504301048,-0.8355771764150222,1.0055614248332367,1.054962546330891,-0.2824007423661321,0.30203293887931476,-0.2873946372475107,-0.10948604113204823
Ulak Mas,Lahat,330,-0.8598134656323365,-0.5585416941154163,-0.8738149721195464,-0.9859426290953273,0.7884450142121542,0.7990760824477019,0.9325245049042875,0.4672434842033793
Talang Baru,Pajar Bulan,113,0.25228901379310636,1.6429026318598197,1.0358025601461227,2.616838866401721,0.0018945912387231562,-1.7215767957250905,-0.5760099871102417,1.1060287500089483
Talang Pagar Agung,Pajar Bulan,116,0.057913962088386554,0.8744606128113,0.15877080849590866,2.199538985960712,0.9216986840712224,-1.4718022662700978,0.9451519650026352,2.79254937692483
Bantunan,Pajar Bulan,362,-0.4874479801856425,0.26544773564763147,-0.03523913004071395,0.08675098463073225,-0.1296065123859487,0.07642525312594362,0.8242841494203865,0.24685420886801784
Suka Bumi,Pajar Bulan,97,-0.8771373024069806,-0.4182218446710313,3.8299070177399805,1.0375629044913315,0.031509219445700946,-0.444484303653719,-1.5572331044868954,0.9764000525530155
Pulau Panggung,Pajar Bulan,394,-0.09948978237957426,-0.5967625236109056,0.13104259731419438,-1.131136109056034,-0.3689003113150734,0.5946724879235943,0.7336259836597585,0.9107922167250659
Kota Raya Lembak,Pajar Bulan,282,0.17703659494372,0.9387327156870255,-0.34854963755927254,0.7924782837471934,-1.0204026745130552,-0.3565476043570763,0.8195490374286472,0.6693228096121959
Sumur,Pajar Bulan,236,0.336027258899397,0.24889201582303525,-1.1682669142176783,0.5669545529207818,0.9521889305643986,-0.6163288227506267,1.1482079441264852,0.20967797113993755
Gelung Sakti,Pajar Bulan,95,1.6763420241771587,0.23098923031712093,0.4736493169278612,-0.9965816901153235,-0.39120063159285057,-0.8260640117639523,0.3639564988971154,-1.1323739127169383
Pulau,Pajar Bulan,193,-0.32634555036731444,0.7814038112006522,-0.20108021048928945,-1.018411058840289,-0.5530673201721332,0.3487495276743498,0.011341476641679313,-1.1665626265112194
Ulak Bandung,Pajar Bulan,261,0.25889522470071774,0.3435340902681846,0.5344954055137461,0.28267368149591826,0.12217666491681856,-0.44778333371992435,-0.7911237985201436,2.112060797990697
Talang Padang Tinggi,Pajar Bulan,199,-0.3095657765143468,-0.28058747080138696,0.026751613022691387,-0.5572793564404136,-0.1630799348819887,0.1997864278032465,2.0706774599495623,1.498152685987453
Aceh,Pajar Bulan,257,0.8230727545463387,0.6122386177111779,0.5848769138836927,0.19466196712749567,-0.18892139701096455,-1.0874216188014225,1.5815612137335524,-0.24231442727100275
Pajar Tinggi,Pajar Bulan,182,0.2027340555562984,1.5100031989097094,1.11062762782174,2.5471024752318017,-0.01839863515428485,-1.6854325895957265,-0.18819726964849712,0.8012295341098189
Kota Raya Darat,Pajar Bulan,186,1.1165387693044904,0.3943235017684161,0.3797304350299719,0.46817677547638253,-1.2060615281945286,-0.4157827420777316,-1.20558962594171,-0.6357185112537753
Jenti'an,Pajar Bulan,212,-0.07616383439827663,-0.24162500484439703,-0.5675937244906796,-0.35567863216075396,-0.013591225128268644,0.42468562709080765,-0.1850652772904944,0.6106054207198227
Tongkok,Pajar Bulan,414,0.049175646322632875,0.692178493377457,1.0145181348141274,1.2244379397764475,0.9004553453980373,-1.2832770415954395,0.3009684933188219,-0.0007605186999388467
Benua Raja,Pajar Bulan,336,-0.2604772728153322,-0.48097126062697415,-0.45745881903059915,-0.41561296513054286,0.5814259199668182,0.25537252370361824,0.8769411314356687,-0.09809748569033425
Talang Mengkenang,Pajar Bulan,84,0.05176147445739678,-0.08277636871963698,-0.5472611265595879,-0.01854800920569253,1.064470473205937,-0.3163523323323459,0.6971125702136667,1.1456526480758344
Talang Tangsi,Pajar Bulan,72,0.4383427806045846,-0.4620095991075771,-0.18805189644363376,0.3785169467191575,1.43250441853098,-0.4157827420777316,-1.3409444569690234,0.15065254106289905
Pajar Bulan,Mulak Ulu,358,0.8302402026936336,0.3506935694779743,0.8374001515410183,0.6735428636912534,-0.7443444061220316,-0.6801898651995375,-0.4923679688190174,-0.7637469986221724
Sukananti,Mulak Ulu,131,0.24925163085672372,0.7700641631298821,1.6738035787375347,0.3997341581044553,-0.5980034744741706,-0.5858011526347254,-1.7189047408605596,-0.1417711545096042
Karang Lebak,Mulak Ulu,135,-0.3804166011327932,2.3695985211223727,0.20308704301596142,0.5638139261507548,0.874319601454665,-1.0963286576683677,-1.73257110140805,0.3828192326992513
Babatan,Mulak Ulu,112,-0.12666066684130559,0.1447635695131264,-1.0860749717335194,-0.01854800920569253,-1.212739563492765,0.8270973797395836,-0.5616873583403479,-0.7199725525734189
Muara Tiga,Mulak Ulu,277,0.0588468302490423,1.1403534797590102,1.1100291120259342,-0.47438431239739753,-0.6484817434377866,-0.33537692336666186,-1.089487431529834,-0.314518989111018
Sengkuang,Mulak Ulu,81,-0.2323923061294253,0.24589243094991023,0.6501029738269267,1.3050018438771416,0.6453207021413049,-0.4157827420777316,-2.180144409338366,-2.299995870654145
Penindayan,Mulak Ulu,139,0.6435068495559703,2.9145302996558344,1.204852959905283,-0.4813143607152298,-0.7406168809332567,-1.3371235172723794,-1.7454509088305052,-1.2273152330377484
Datar Balam,Mulak Ulu,304,0.3945197985312195,0.30643668352061676,0.9699252269564826,-0.31634672614933,-0.5589950553495968,-0.39746661396673905,0.40370807558829486,1.2045671280963381
Tebing Tinggi,Mulak Ulu,114,1.1504662392967733,2.444114524286319,1.0030102876250573,1.1099523918438816,-1.2454267888999238,-1.8078084785131239,-0.060060319142131564,0.7005210212542581
Geramat,Mulak Ulu,391,0.7604304909200174,0.8849957982396625,0.30712399878015023,0.24345393102093518,0.4820638142037115,-0.9996503143933436,-0.9438805408863419,-0.2323334336313376
Pengentaan,Mulak Ulu,196,-0.7383937227225702,1.802554548066121,1.1461538154156259,-0.35888939999842123,0.11809747094154066,-0.4726001190750941,-1.2553118087680701,-0.7732761297348262
Lesung Batu,Mulak Ulu,257,0.23990310983462712,0.7609806785014673,1.8763529007597308,-0.5840179464371911,-0.09870295905190771,-0.6324404442466638,-1.2397180035703865,-1.3805635769278237
Air Puar,Mulak Ulu,350,-0.6405164337815678,1.2915648582062562,2.901147482553575,1.029703474435912,-0.4923131155189941,-0.9566841710926265,-0.9716964779265125,0.6083525902888499
Mengkenang,Mulak Ulu,472,1.2568669542460889,0.5728471821205301,0.1742014796902528,-0.06902236800969888,-0.6688758413228134,-0.634024065162941,-0.7719953367186213,-1.118394205593429
Lawang Agung Mulak,Mulak Ulu,738,2.1391554690007504,1.066022831626268,0.445674956687766,-0.3671904095299511,-0.7195965178514351,-1.287213487651107,-1.0339200841509713,-0.7270508053672101
Padang Masat,Mulak Ulu,153,0.4750767508719646,0.16260983917844116,-0.5331744900844525,-1.5289519591943381,3.2889109368617104,-0.743318209474294,-1.7852267846939698,-1.6930241278140101
Pandan Arang,Kikim Selatan,366,0.7625250865161616,1.017621693225696,0.10049322282983833,0.5152114397424672,0.0915938554409677,-1.100385563275465,0.29618331896461275,0.32192305128643794
Tanjung Kurung,Kikim Selatan,226,0.5175537902371948,1.220040799745834,1.4363367459391336,0.4031138908914938,-0.10069894219259433,-1.3520124409192342,0.49341296104184124,-1.4827325903609898
Nanjungan,Kikim Selatan,463,1.0987873014737553,0.09758466223376296,-0.09572814183499737,-0.9601836930188362,1.5312694675733916,-0.926893703619884,-0.0921134263373227,0.1882605364683558
Pagardin,Kikim Selatan,289,1.9329111787381779,0.3242760467348228,0.3252817092238032,-1.0160191441587765,0.13324271362483833,-1.1479208456700485,0.3287440295789772,-1.307418550009689
Pulau Beringin,Kikim Selatan,459,1.7158686354590185,1.3702074198647443,0.5843653369429613,-0.07564231659357919,-1.2573907406829359,-1.3256034848459617,0.5842789631724103,0.1278911007063946
Beriningin Jaya,Kikim Selatan,470,0.8892066738296032,0.46428773809530577,-0.5197472280826213,-0.3429585263868465,-0.9546263949230478,-0.08998948461412899,-0.2517700507024293,0.7582377127920747
Banu Ayu,Kikim Selatan,487,0.1019541507570319,0.2793251756959522,0.5193026244623218,1.1604169317949922,-1.123895640089736,-0.38719905139117305,1.2938332168969426,-0.5858927126910287
Tanjung Alam,Kikim Selatan,310,-0.5272471518216174,-1.1676280742293954,-1.1451706837848539,-0.571877238107419,1.1873463226934913,0.6798762246649649,1.1333418542102656,-0.6357185112537753
Sirah Pulau,Kikim Selatan,174,-0.3727601720808944,-0.27893148788581307,-0.44816892514828977,-0.48407244028999963,-0.011077004942248328,0.7362385570412141,-1.1383789512246993,0.27073876087480586
Tanjung Beringin,Kikim Selatan,454,0.7363680166211398,0.48757704473605723,0.6870260958652777,-0.05003333610722213,0.14154834379500913,-0.9186290433451416,0.48163517526924166,2.0990117814472598
Pagar Jati,Kikim Selatan,754,0.07779122981927646,-0.32963004176260924,0.1787798107039589,-0.4988175580166518,1.3214596936484233,-0.40839799016030237,0.7848803560620711,0.04904112429897951
Karang Cahaya,Kikim Selatan,294,0.7909389169805916,-0.050270663257813826,0.17115733367232097,-0.6992307907911499,0.3941229299353234,-0.5578261845711384,0.9026309258959547,0.07958110484768997
Jaga Baya,Kikim Selatan,204,0.30365155629085866,0.3187646987499459,0.1077674695342116,0.8690089510969142,-0.007157779358158017,-0.4567246755023015,-0.6992033169218786,-0.4639063485627367
Keban Agung,Kikim Selatan,356,1.6475370303424193,0.25981185288924336,-0.4988284213754143,0.5034362586955154,-0.8615049204473068,-0.9006456390383734,1.3840980849943485,0.8941076772017778
Padang Bindu,Kikim Selatan,168,0.6762389690028544,0.5998434459786539,1.069180408962207,-0.01854800920569253,0.2363940962245904,-0.9129347908046569,-0.7415159195623499,0.15065254106289905
Beringin Janggut,Kikim Selatan,284,4.381639635832945,-0.028294975058271433,-0.7901068032576979,-1.3439620170111783,-1.6063674187479826,-1.4058855546127638,0.7984244356908508,0.49399764841243404
Keban Raya,Kikim Selatan,79,1.3368525934315938,1.0434023129134096,-0.028908566645425973,0.13223615127209903,1.0330245348395561,-1.825429057455344,1.644057905256108,3.0160009504988845
Lubuk Tungkang,Kikim Selatan,147,0.2811613704128708,-1.1554646489598097,-1.67620442120973,-0.13199513946993513,2.6023266018855793,-0.18851323408827922,0.6971125702136667,-1.0575618745956648
Bunga Mas,Kikim Timur,980,-0.5854604587522539,-0.3233185891371305,-1.0706802904428354,-0.39292353907769406,0.14175679599815094,0.6949969782207145,0.8409754191912684,0.250152551764193
Gunung Kembang,Kikim Timur,327,0.023934168016314525,0.8628712644862526,-0.11884644843964248,0.1490206877901157,-0.38149775693580207,-0.1092816624956266,-1.071476582355014,1.52448296404865
Tanjung Bindu,Kikim Timur,143,-0.6956151873462578,-0.3134986837109012,1.5175639584426117,-0.5350101197093438,0.6533276566627508,-0.04587380512287186,0.3550610411760125,-1.28618327780543
Lubuk Tapang,Kikim Timur,218,-0.2739817009411511,0.04456249579594621,-0.3495312751196127,-0.25897266141706937,1.1784259379281405,-0.09651078417970566,-0.23997571211749982,-0.8397833452756643
Lubuk Nambulan,Kikim Timur,440,0.7978904289792427,-0.15310689508249165,-0.028040512119253805,-0.2784450712655944,1.0343586049520694,-0.8080809041640691,0.9782990477607969,0.5622207671455228
Gelumbang,Kikim Timur,191,0.08632492591316619,0.2162420841412197,-0.1748871602613733,1.0915707680920563,0.6872838512301405,-0.5323922278524237,-0.5984062792181388,1.0440688675169223
Gunung Aji,Kikim Timur,307,1.2960670266415053,-1.029253571075466,-0.5402407507267025,-0.11943096217682682,0.0206087211154452,-0.28882274005756514,1.3625368228136483,0.7518659607726702
Gunung Karto,Kikim Timur,370,0.48672572162342226,-0.26111848246964114,-0.01135978865686652,-0.9586261210710134,-0.5066365987965088,0.20874772345814727,0.43271598290348007,1.6377743226254762
Karang Endah,Kikim Timur,188,-0.6733157380543505,-0.6540468519423213,-0.6160458727520045,0.0828302774134183,-1.2259535482318291,0.9762429943576613,1.9980000343728308,0.22474829371279892
Padu Raksa,Kikim Timur,337,-0.933531121853834,-0.6573653522094951,0.16263011159241733,0.5682126675022469,0.7769780811975758,0.36903888974044236,-0.2079000108917203,-0.7277229243268579
Seronggo,Kikim Timur,304,0.04941381470346658,-0.1336734601664396,0.275138952916413,0.23222985769421295,0.5087876412842441,-0.4524149982997149,1.198739609411883,-0.44503831247773895
Datar Serdang,Kikim Timur,171,0.01106870538927151,1.1028264673352899,0.29719566002879627,-1.0355915805219753,-0.9064481550479107,-0.025038675709901707,0.2932870292239077,-0.643601930324619
Batu Urip,Kikim Timur,264,-0.4510645601116731,-0.9205370503948131,-0.41663958833560427,-0.37951615095555624,0.3493136021765925,0.6598735088041628,0.5663281620522109,-0.32423387364781947
Cecar,Kikim Timur,630,0.3253420911154067,0.5088274706855487,0.9374703579196904,-0.38914196806888596,-0.09483645456794812,-0.5748713976703476,0.3134783062733954,0.31648589223172174
Patikal Lama,Kikim Timur,341,-0.20200608721377816,-0.11947635875717996,-0.22492087900685456,-0.1512911323008038,0.45980473165650826,0.13123030391154328,-0.23103484254505374,0.22214081854623344
Muara Empayang,Kikim Timur,126,2.0144050287431208,0.7515367381338299,-1.2656795867914965,-1.0773878916719597,2.9966486861624118,-2.006669298003894,0.6971125702136667,-0.3468475124435683
Lubuk Kute,Kikim Timur,186,0.9553832868411465,1.8329631112400842,1.8397421445335287,0.10953746044748527,0.5391316964113194,-1.8976165905412132,-1.20558962594171,-0.18636362421567512
Patikal Baru,Kikim Timur,164,-1.0796960069490076,0.9106297030770636,1.1611730166748293,-0.16381567600746663,1.4482131844899753,-0.6025179018434546,0.03043107495161011,-1.8029452300234734
Gedung Agung,Kikim Timur,138,-0.5300498558644583,2.2618742991571037,1.0145181348141274,-0.7090957586402143,-0.7236944567972599,-0.35525988397184427,-1.3044575025181826,-2.4233694749053463
Babat Lama,Kikim Timur,131,-0.09397264095452035,-0.25126013977748546,-0.85985541841622,0.654340694728023,0.640950494139141,-0.011989017004869073,0.1260539330506679,-1.7368094939959893
Tanda Raja,Kikim Timur,353,-0.10239929918595775,1.691777313871861,0.6311079626026647,0.5281193238806453,0.07687796694773122,-0.9994082633027684,-0.1261252624626937,-1.2009127601062295
Muara Danau,Kikim Timur,171,-0.07657725875745923,-0.4620095991075771,0.8265566307259917,-1.2306410325552353,-0.9064481550479107,0.7564494570257568,-0.7667550158742098,-0.15482994793230015
Sendawar,Kikim Timur,136,-0.28409196798721903,-0.8992432059077898,-0.48387126242147804,0.051522277133987264,1.3567327239052354,0.2392881927153943,-0.40301509843858135,2.5064616179611727
Lubuk Layang Ilir,Kikim Timur,201,0.0437724233544696,-0.01825011757900261,-0.150522573894205,-0.2437490289839658,-0.6534790253076025,0.04130033555777081,2.028380724931772,0.6184510988376375
Binjai,Kikim Timur,146,-0.9332265110683156,-1.2765817980778367,-0.42916494131598637,0.11199389411206659,-1.329010561630557,1.548308365495494,0.7168198097996393,-1.0419845735073998
Lubuk Layang Ulu,Kikim Timur,206,-0.6671238521344618,0.5689156873839101,0.8128514923260648,1.8087217879630357,-0.2620596452593263,-0.2806346123267223,-1.3002065952035213,-1.9117991370658545
Cempaka Sakti,Kikim Timur,580,-0.6914590313661627,-0.5096099080252359,-0.049322814467816785,-0.21571129766492828,-0.5174409504067037,0.9762429943576613,-0.8258493137905992,-1.026192413093779
Suka Harjo,Kikim Timur,615,-1.2929322245986758,-1.0939416552076757,-0.10219212924518595,0.5818916802416422,-0.47453976889110144,1.25464814164474,-0.018692824699277858,-1.1574085752297154
Marga Mulya,Kikim Timur,878,-0.7143563759937506,-0.5176419909913659,0.2186155007491441,0.5621255709850904,-0.8576475863475751,0.7669634986748919,-0.2532342681349545,-1.094797478990877
Kencana Sari,Kikim Timur,434,0.046005921512277344,-0.4717962631175883,-1.2425047977517576,-1.1713172360842898,2.159668262116749,0.07174700893189953,-0.23103484254505374,-1.6949121735578676
Linggar Jaya,Kikim Timur,542,-0.774510803512608,-0.5051106452180881,-0.5313551827906157,-0.06250353938187532,0.5602911292874055,0.7759145673429736,-1.1768204810443916,0.6004219621296327
Purwaraja,Kikim Timur,720,-0.8106122084863304,-0.48855592523473296,-1.1100222537412496,-0.270022481291431,0.8850539248599782,0.7906395628329423,-0.5017445045996805,-0.6038892067552427
Sungai Laru,Kikim Tengah,948,-1.3349625098135292,-1.416333221906595,-1.77948519442571,-1.5917294168573142,-0.01866740385827117,2.1392012045441913,0.8792174423372133,0.6796399397280037
Muara Lingsing,Kikim Tengah,123,-0.6836858884567658,-1.4979637894356077,-0.740007542719368,-1.3162724993015442,-0.24833353908156316,1.6213280917301605,0.2760505732060518,0.7452257757413608
Tanjung Baru,Kikim Tengah,127,-1.2056229071358195,-0.32823283752191,-1.039406056009793,-1.6130608243369806,-0.33739110987272003,1.6667754462901785,-0.27707680081576197,-0.04129629847896582
Kepala Siring,Kikim Tengah,139,-0.6503745779914529,-0.24811114398229292,-1.1829839366928596,-0.961220206725121,0.4270303844505121,0.9461992734274011,-0.44137040730692173,-0.9266677186885157
Maspura,Kikim Tengah,130,-1.3454211397124403,-0.23330278939669627,-1.3098899535749986,-0.3484173572047986,-0.5789426441878116,0.9762429943576613,3.862095247720903,3.740306773286489
Suka Raja,Kikim Tengah,110,-0.3602314699959703,-0.3268646660966021,-0.782379895362758,-0.5816583103354801,1.350533221617675,0.29288490556210456,-0.5322608665040203,-2.192120438176648
Tanjung Aur,Kikim Tengah,1228,-0.9007919118245996,-1.200464404077969,-1.3019515285947363,-1.20586276340443,0.19053970401389753,1.4047330011757222,1.5593524468220936,1.1602373401981747
Purbamas,Kikim Tengah,381,-0.7729140920177071,-0.6793968366842856,-1.2769932633305818,-0.037306983501354626,-1.6153672507258214,1.8640704325566129,-1.3871995724539479,-0.480036503146087
Banyu Mas,Kikim Tengah,315,-0.5548738059581907,-1.1294600845903509,-1.8404143549770235,-1.1303298857952728,0.08918051809457342,1.5993402287620746,-0.26197308963701105,-0.2805141719760388
Saung Naga,Kikim Barat,288,-1.174890746971181,-1.32476519824014,0.1262561799078267,-1.011210399017818,0.3859078865128892,1.1792467475878228,0.9668554120466702,0.005548358790179662
Penantian,Kikim Barat,199,-0.6108212512699445,-0.9529165345243273,0.026751613022691387,-0.38967404841183395,-0.7456462302457494,1.081169557405555,0.24889665882616388,0.44815257305922984
Suka Merindu,Kikim Barat,399,-1.103287124476307,-1.3881370670023352,-1.416925578419267,-1.3142336548552038,0.9337215715773032,1.5937581706711061,0.0913742587290282,-0.6086896458680251
Jajaran Baru,Kikim Barat,263,-0.8430628767706954,-1.2049029842629633,-1.325775427571352,-1.6400223919558412,0.8912986072972897,1.309694026279447,1.0362569290201797,0.3227913428465061
Wonorejo,Kikim Barat,521,-1.6060918576482028,-1.6318822437899125,-1.6600513327153468,-1.2486110396523493,0.9293716401091716,2.0583359372680916,-0.09261439346376271,-0.3640356141002215
Babatan Baru,Kikim Barat,214,-0.937064037599897,-0.7994208470789028,-0.16455222718371126,-0.5306504757255928,-0.5839432491961822,1.2884730660814878,-0.20371087665542792,-0.20736151613334391
Jajaran Lama,Kikim Barat,219,-0.8990085661617152,-1.538408576318277,-1.875843210550104,-1.639443308734533,2.8529642006587985,1.1478626056990109,-0.5247362841166487,-0.46951875851365604
Lubuk Seketi,Kikim Barat,216,-1.0881577616176452,-0.4620095991075771,1.7676428008543401,-0.084725501859834,1.2178179504247046,0.04822583673406662,-1.0612111395125758,-0.04281970196739347
Sukarami,Kikim Barat,208,-1.1868999295585938,-1.5749132713614156,-1.106798581163286,-0.4766998814266734,-0.06617227228782409,1.8997985310311434,-0.7276829533145033,-1.7245399683076326
Singapura,Kikim Barat,353,-0.5694306265513992,-1.3945151061238141,-1.8477410021635245,-1.7395377615145333,3.492399793816966,0.4438818770240126,1.2432208354544212,-0.2538305052723874
Ulak Bandung,Kikim Barat,282,-0.9921978629286269,-0.010157239496414672,-0.4555481316363654,-0.8633670643649484,0.0484618688245689,0.9170078566370059,-0.2517700507024293,-1.108975253985391
Bandar Jaya,Kikim Barat,348,-1.535580334337954,-0.9380126882841633,-0.9684029825576034,-0.38822917506675986,-0.47746484944898343,1.9122602998918043,-0.7911237985201436,-1.1702958768680662
Purnama Sari,Kikim Barat,404,-0.7467217717506566,-0.7406146059866376,-0.9100268837063933,-0.41954430132781834,1.1710545613322487,0.7901801483984747,-0.8341009213796183,-0.745832703869547
Wanaraya,Kikim Barat,713,-0.859367580898248,-1.2989821255289824,-1.1367068477877318,-0.997566512033023,0.3060779428148864,1.4506641078973534,0.3621724169137805,-0.5771070042488057
Purworejo,Kikim Barat,217,-0.3338605728656049,-1.528755976198814,-1.1729804306325406,0.980518654089092,-0.7252429867214889,1.0724659715306148,0.8827420527654107,0.1346041522401105
Suka Bakti,Kikim Barat,168,0.05176147445739678,-1.5617859672326022,-0.7268657416175648,-1.8053403108675183,1.8925468501872826,0.28023012613996545,2.495398182433688,-0.5955975391968016
Mekar Jaya,Kikim Barat,189,1.4593139224804919,-0.8665250448547129,-0.14813975976408306,-1.8715178035216602,2.321919786399832,-0.7693130878391009,0.05772213031321468,0.4270414596776033
Darma Raharja,Kikim Barat,249,0.922375537420944,-1.3575483118309049,-0.15775714209650468,-0.391693389472419,1.5799397038569758,-0.44932553090749994,0.7317783169552577,0.8639357503071124
Sido Makmur,Kikim Barat,657,-0.8761966028906483,-1.4802248478204016,-1.7380643277659023,-1.1317803513876925,1.7942364127374422,1.2241379885173884,0.2110006604263368,-0.5331260712907387
Sukajadi,Pseksu,603,2.032158475638515,-0.01825011757900261,-0.801030831417625,-0.6309367471992425,-0.8072842561897096,-0.42963374443032204,-0.17608482159068162,0.34123713867483013
Tanjung Agung,Pseksu,190,1.3608165532489276,-0.37259039531084165,-0.16158384790877373,-0.2944036627955883,-0.2691683234061261,-0.38647693710014414,0.04594388536767998,2.8266791446608455
Penandingan,Pseksu,174,0.31631844258995545,-0.16908462115275422,-0.6215802776180612,1.4327928641747945,0.5219376744940204,-0.6077862919308887,0.9451519650026352,0.7510836401224295
Talang Tinggi,Pseksu,191,2.0480343328622483,-0.184037597776103,-0.016910326074252163,0.7423199168073716,-0.8908302912892836,-1.0571349138385402,0.9833318509020887,1.4816605376168523
Batu Niding,Pseksu,258,1.2758203508089583,0.4516779048038313,0.10432770946470174,0.8309863150986387,-0.649455051243826,-1.0632365729779134,1.0985902882906946,1.2035014915068194
Tanjung Raya,Pseksu,240,-0.2693983798802671,0.3609265108342525,-1.0681145102277216,-0.7332649298704228,-1.5301688413356145,1.0806449245903151,-0.4178245093627462,-1.5905976462097375
Lubuk Mabar,Pseksu,187,0.9381474063637837,0.3783874633136117,0.20189181325443456,1.3446375614026171,-0.8440905881788773,-0.8326460642188112,0.40477095197041163,-0.2031843953882246
Pagar Agung,Pseksu,313,0.5095026229010319,-0.3873745607948067,-1.3528997193436134,-1.5484532387436136,-0.48321221220648336,0.8561640969654705,-0.24971640388812066,0.8070982985650436
Lubuk Tuba,Pseksu,112,0.4086057570548013,0.3154185231876992,1.877401176723104,0.2792507077379456,0.44341319046992683,-1.1863684176044662,0.5172840089916647,1.1456526480758344
Lubuk Atung,Pseksu,370,2.67408472954481,0.513747253133825,-0.582211213814113,0.03296312021158553,-0.7572975561530247,-1.21337586673801,-0.5471066641872125,1.5248283645321161
Muara Cawang,Pseksu,424,0.7014873852243689,0.975499004381802,-0.6387578172495009,-0.19835100811505854,1.1894631338823665,-1.1117956102954274,0.6699686364443082,2.286148053755756
Sugi Waras,Gumay Talang,317,0.9472492561805365,1.333426464508259,-0.22771222153530013,-0.5070506363687572,-0.29650048076025043,-0.9076025606290371,0.6789595293332122,0.623042181774088
Tanjung Periuk,Gumay Talang,148,1.276605363372812,-0.39026277173688545,0.1517406185309181,1.2048413144546568,-0.25597564143999335,-0.7167612796853836,-0.5471066641872125,-0.5081988811483683
Tanjung Karangan,Gumay Talang,163,1.7779683261632457,-0.005999088947845715,1.369990592464218,0.4637762930833896,-1.3689564260214546,-0.9965051351918828,0.0439928877386654,-0.7680438767619272
Muara Tandi,Gumay Talang,250,1.7489128824906524,0.7782347575531408,0.31484102571870276,0.4007525842509496,-1.4992539899283108,-0.8946395954115061,-0.48831730536177076,0.8471526159719542
Darmo,Gumay Talang,270,2.3395298195540897,0.1751022279441615,-0.13217490509226254,0.4402826065296903,-0.2420500326979651,-1.2509981839389668,-0.8374244855474176,0.3828192326992513
Indikat Ilir,Gumay Talang,479,0.17282033859534732,-1.109318762291668,-0.05681679149521553,0.5932138644321775,-0.7524570261831964,0.5839184131076026,-0.4141453446446343,-0.016565639760777236
Tanjung Baru,Gumay Talang,264,0.8546611103015571,0.3102471609551368,0.15482964139432281,1.01021119478142,-0.616775504301645,-0.5739674848544805,-0.8069081236430777,0.9421298989140986
Mandi Angin,Gumay Talang,179,-0.09077688423374505,1.4718680137310343,1.5116699913117484,1.1393732589103513,-1.1329389070518254,-0.7268499457504443,-1.1674785450267569,-0.29681957410213533
Ngalam Baru,Gumay Talang,321,-0.30675030478765924,-0.14444607160515283,1.4334252824910012,0.7162077036272081,-1.2701373809003509,0.20867740136992147,-0.6742902891989847,-0.4677353759124298
Sukarami,Gumay Talang,309,-0.9096393839967752,-0.7300501735953637,-0.26128872976824563,0.8372618957973826,-1.1249741869680432,1.205994814934376,-0.8113522540174961,0.0492204913188622
Tanjung Dalam,Gumay Talang,177,-0.06617858504513512,0.005925641099914651,0.36598267881995766,0.8025015606728114,-2.0279503470464353,0.33921426751434586,0.892180840013805,0.9179831320644011
Tanah Pilih,Gumay Talang,463,1.0340466540910729,0.09758466223376296,1.077326622604145,0.912796574237909,-0.6721648659925233,-0.8366976515830336,-0.4836192356500185,-0.08251703045093103
Tanjung Beringin,Gumay Talang,181,0.13357936245624935,0.3710463810153226,0.9649898864147617,1.1002538003063167,-0.1296065123859487,-0.6618867396795686,-0.5110174322501704,-0.33035579796269077
Batay,Gumay Talang,296,-1.0525269135805169,-0.06740204856877521,1.3749936724393035,1.7682442924561337,-0.49097028896172684,-0.03955957006816561,0.06528249024447029,0.19771335693513284
Suka Makmur,Gumay Talang,669,-0.4306983964086008,-1.6143344283042944,-1.394543884590942,-0.9052670587598424,1.5682478804277726,0.7702481544367284,1.6131899045105027,-0.520860984073633
Kedaton,Pagar Gunung,397,-1.210676296091859,-0.5155034552832056,-0.2703895285357035,-0.8046766121198795,-0.09733945621121641,1.1129911145616411,0.7116075675917625,0.8787319644564963
Tanjung Agung,Pagar Gunung,432,-0.1167483256580443,0.3786240615856895,-0.18805189644363376,-0.3935538009124955,0.03704237584019282,0.10622690908554058,-0.5017445045996805,-0.4297641880279793
Karang Agung,Pagar Gunung,319,0.4572663410453566,1.0092726765291449,0.1351238058863946,-0.7280371154037008,-0.8227129940838397,-0.34596326940385586,0.6610341127898168,0.8602529308605255
Bandung Agung,Pagar Gunung,217,0.28773914520729355,1.818283115225067,0.7737018487055346,2.5175442899272222,-0.4046972924061291,-1.6602665801812617,0.04740938128256251,-0.4431378453803035
Lesung Batu,Pagar Gunung,461,0.885817254281048,0.23360779702266546,0.37374822267481156,1.071873323117215,-1.4161661354952324,-0.30103875512644057,-1.1315995664647405,0.20353215629460608
Air Lingkar,Pagar Gunung,376,-0.5138746756172122,0.6167879094640729,2.112415726213862,2.6553043003733525,-0.3009746164973467,-1.0007297270691995,-0.894561503581075,-1.2201188829602403
Batu Rusa,Pagar Gunung,151,0.610659970048696,0.8319040452359101,0.2948585255003318,2.237622402605708,-1.3868549606395053,-0.8214061354761236,-0.17940280104059497,-0.010787873651119486
Kupang,Pagar Gunung,190,-0.2168108013922284,0.7339722516737572,0.7912658993461793,0.5833188713540807,-0.14713601521940123,-0.4743943520329053,-0.2720687281617549,0.18731043974232328
Sawah Darat,Pagar Gunung,119,-0.000715625924574536,1.1084621314401268,0.593756427926385,1.5229982902672552,-1.7120209084374005,-0.3923873515494052,-0.14913948259575474,0.5310937584501987
Danau,Pagar Gunung,134,-0.1426387690471594,0.12438685862661038,-0.2255812189930614,-1.1564057933485468,0.3847062831466225,0.41527739907772654,-1.2783175948519083,-0.5250564868339445
Siring Agung,Pagar Gunung,182,1.1085695421497102,0.3548004355741395,-0.38147225112145494,-0.9348517536476543,-0.40058773222259875,-0.3087038392750089,0.14379392029981428,-0.5764629217542452
Pagar Alam,Pagar Gunung,107,0.3935982872259381,-0.44216187863867557,0.39943983505442254,-1.4657941102401932,1.9080249133084297,-0.23364853357216617,-1.615449114286098,-0.5979223058019726
Rimba Sujud,Pagar Gunung,132,-1.3593954612687025,-1.4273305491859691,-0.41663958833560427,0.3785169467191575,0.26148731976948003,1.3558863770218588,-0.3491626950779817,1.1004253704843376
Germidar Ilir,Pagar Gunung,148,-0.24239394768370678,0.7720358316683136,-0.8676369263927362,-0.14732583274888694,1.9373077354295178,-0.6603278038839486,0.2694122083883647,-0.5081988811483683
Germidar Ulu,Pagar Gunung,151,0.7099146711685036,0.3255900104928066,1.8934585429700097,0.9123195033598506,0.7628532498021356,-1.5404657874096377,-0.17940280104059497,1.0962321129592987
Padang Pagun,Pagar Gunung,452,0.053340431460039965,1.0086098836888404,0.30148988619226924,0.8458588859935391,-0.6649633760648392,-0.5020144248657645,-0.17497638155321024,-0.6506307309563667
Muara Dua,Pagar Gunung,119,0.7549546195758112,-0.4977021384382066,2.115113167241015,-0.9995320179612046,1.0157600980893873,-0.743318209474294,-1.1646419459670605,-0.8736122749798282
Penantian,Pagar Gunung,223,0.42060724637982577,0.328428093647196,0.8154788226695486,0.14170242143662382,-1.308358248278728,-0.12863841976370394,-0.2834772524139319,-0.708260107367549
Merindu,Pagar Gunung,131,0.36365972146047154,1.0618711068177018,0.9828056704228741,2.945799524340136,-0.5980034744741706,-1.3508840001412008,-0.796425403904946,0.4962441812849493
Lebuay Bandung,Merapi Timur,393,-1.3905976677969976,-0.5917015740799411,-1.0134105091528112,-1.2127739071781427,-0.3030144343281436,1.1993921582137168,3.8159712808731223,0.4962441812849493
Sirah Pulau,Merapi Timur,438,-1.7202392439201253,-1.407495187198057,-1.7380643277659023,-1.7155927523365593,-0.6408374994816759,2.635232570657376,0.5788691326978294,0.29376899481133534
Gunung Kembang,Merapi Timur,1131,-1.1413478576753042,-1.5041465399083878,-0.3014362422892532,0.6660467423888768,-0.7798481772060978,1.5042527564538444,-0.09661349311103218,0.32616317001876244
Prabu Menang,Merapi Timur,557,-1.137612691865909,-0.9729191432424242,-1.3482267707319673,0.054164065308373636,-1.0361972479334567,1.7784696754990628,0.09789926747033476,0.3444721310286147
Banjar Sari,Merapi Timur,802,-1.0904071956517516,-1.2749494615551404,-1.1599771200740836,-0.5294844612187166,-0.7919900327946375,1.767718974176288,0.9841207477250916,1.1493745936132895
Arahan,Merapi Timur,1016,-1.2793800915309523,0.010389590241809514,-0.1781524294719338,0.6192571168468229,0.39288097061476673,0.31037241570844804,1.0907530428098604,0.12323127827120503
Nanjungan,Merapi Timur,155,-1.3974867571236746,-0.24278832528332284,0.41217513968560643,-0.46428544359874996,1.8604922807557467,-0.020627049154136073,1.718074724248259,-0.3661055790309153
Sengkuang,Merapi Timur,243,-0.6024530436378447,1.583040709947387,0.7742740657188619,1.3050018438771416,-0.1180089622365614,-0.8626058179705733,0.05772213031321468,-0.23629194499768674
Tanjung Lontar,Merapi Timur,340,-1.4742726046503267,0.00020878522407661112,-0.12888802324806448,-0.14467452461711539,-0.4163249303371763,1.1236339546861152,-0.5807280295285597,-0.38196516327931884
Gedung Agung,Merapi Timur,1204,-1.0104726690883654,0.5892601930375955,0.9313443090339917,1.6989887768878456,0.08233337492573574,-0.44584309851238263,0.27890661388342947,0.555594445079792
Muara Lawai,Merapi Timur,550,-1.3684787702802728,-0.5006224371107129,0.6988683480972142,1.7227623065956508,-0.46220124726512674,0.3688135820949445,1.1156226763303259,-0.6724839111023471
Tanjung Jambu,Merapi Timur,571,-1.4277986639828046,-0.778147983809257,-0.21887720690892562,0.16920599797418426,0.13197816077335228,0.9981838553522648,0.7827752123369324,1.1325834697875736
Cempaka Wangi,Merapi Timur,330,-0.541897650227376,1.468632301049207,0.1319708722051256,0.3279814068741769,2.1234045068002647,-1.149759948561847,-0.5322608665040203,-0.9257566656147304
Lematang Jaya,Merapi Timur,579,-0.04160969793207924,1.1115135661497404,1.3102042188068506,2.3803003773662006,-0.39288674293221826,-1.2380155604903464,-0.30172793564118416,-0.7335055851169886
Pulau Panas,Tanjung Sakti Pumi,188,0.44277169900561686,0.7692880808328401,0.6679360561731088,0.0828302774134183,0.37734326677460694,-0.9340901971334626,0.06962567573689353,-0.6644007380859943
Sindang Panjang,Tanjung Sakti Pumi,870,-0.02822086474546948,0.006670365620139035,1.077850976585695,0.24433637540662237,-0.011077004942248328,-0.502184339511652,1.1535050566253688,0.41484222464909243
Gunung Kembang,Tanjung Sakti Pumi,198,-0.14828759305933015,-0.07588121907621978,0.6501029738269267,0.7996464454273321,-0.03126695492089454,-0.331417545930132,0.5663281620522109,-0.1659384020775797
Pagar Agung,Tanjung Sakti Pumi,117,-1.242942781633186,-0.4620095991075771,-0.6393660573585502,0.734857291779921,1.0857032008208432,0.5836203507476789,-0.6308521895795794,-1.9031297311048256
Benteng,Tanjung Sakti Pumi,166,-0.010578791779499072,0.1776609099805139,2.387002223062305,1.2157020947534807,-0.42207627583286533,-0.9860101521837954,0.7317783169552577,-1.3178717132634203
Ulak Lebar,Tanjung Sakti Pumi,218,1.513513512803645,-0.3938172017167181,-0.76476396314356,-1.3299552030859316,1.3911428054095873,-0.4796371336573363,-1.071476582355014,-0.6480860769520712
Gunung Agung,Tanjung Sakti Pumi,239,-0.5745823604782146,0.37325555769665486,1.337460105931654,0.2505922538061307,-0.941622507012471,0.0152210424252775,0.34798933838517726,-0.18448347824480435
Masam Bulau,Tanjung Sakti Pumi,334,0.24514116053563073,-0.2394655477421994,-0.17299522212739593,-0.4037247927974632,0.4644869904829257,0.025997880862842496,-0.5519959987535332,-0.45409303295993225
Pajar Bulan,Tanjung Sakti Pumi,436,-1.0646045839436573,0.17607640504974528,0.6193449969362645,0.20001985644101444,0.008483166780183788,0.20999029540239936,0.5915251581200142,-0.3605401744666818
Tanjung Bulan,Tanjung Sakti Pumi,294,0.43409463438318735,0.40480921320771396,0.7869445852996713,-0.35888939999842123,0.1575296793692239,-0.6146435615685015,0.0805575031668026,1.7852955740127217
Penandingan,Tanjung Sakti Pumi,347,0.9716381625939335,0.9395140165970165,0.5148387872702945,-0.19018992098876886,-0.20270115842834224,-0.9372909430477632,-0.26473702525617715,0.40155314441630524
Tanjung Sakti,Tanjung Sakti Pumi,394,0.7754126972881739,0.6645248497402522,0.13104259731419438,1.1545068352017334,0.3961245648808912,-1.2283865983725033,0.2735569742390018,0.4865282117043218
Negeri Kaya,Tanjung Sakti Pumi,150,1.6290132035379243,2.511178927133871,1.119469701178441,0.2673387590601998,-1.3755945842990966,-1.8078084785131239,-0.5688805007892277,-0.545847533846155
Pulau Panggung,Tanjung Sakti Pumi,377,-0.8365630858016593,0.60829320495812,0.25881581953616145,2.553421811400366,-0.062328416426505204,-0.5191692689217391,0.2239297247700961,0.8804072614583284
Gunung Kerto,Tanjung Sakti Pumi,372,1.1971165105361625,0.3943235017684161,-0.3502754197218063,-0.7870608271247572,0.22749004916027524,-0.3933307140707088,-1.6928670176400384,0.15065254106289905
Lubuk Tabun,Tanjung Sakti Pumi,245,0.5462456946280859,0.37880464883825504,1.6079942541361383,-0.4950259563155126,2.0345028005269428,-1.4612224788292096,-0.4537902216071465,0.07958110484768997
Pagar Jati,Tanjung Sakti Pumi,260,1.1332741463295304,1.0899294667876847,-0.03331561270137595,-0.7332649298704228,-0.6681201001704181,-0.6299405476831761,-0.3209937456278218,-0.2779628896503646
Lubuk Dalam,Tanjung Sakti Pumi,252,-0.24560876104044024,1.5858498449872978,2.2066763043293958,3.025616652884826,-0.4076653080942342,-1.7083780687677383,-0.5017445045996805,1.3114859992446573
Tinggi Hari,Gumay Ulu,101,-0.04186598582806098,-0.6933043217996274,0.5837144692510411,2.8827781043838074,-0.3211226724361177,-0.305523277805621,-0.9836613089305902,-1.6767981505301648
Tanjung Raja,Gumay Ulu,168,0.8546611103015571,-0.31031630695240137,-0.008447281385656119,1.5697118144937081,1.064470473205937,-1.012365200550042,-0.7415159195623499,0.6481525945693671
Sinjar Bulan,Gumay Ulu,126,0.11123552155696398,0.7515367381338299,0.8895757939042294,0.24616196141087424,-1.051724712413059,-0.21692192258696077,-0.7415159195623499,-1.3418476194565034
Padang Gumay,Gumay Ulu,108,-0.3249074905065303,0.776818953493026,2.326412714368047,-0.2391396513861649,0.3590720779996045,-1.034460847160128,1.1766554001390055,-0.6232364310582725
Tanjung Aur,Gumay Ulu,119,-0.37855074867476746,0.4659964234887929,0.08663751482150847,-0.4389697272437692,0.8209185976231881,-0.041456493624516366,-1.1646419459670605,-0.1712592582648149
Simpur,Gumay Ulu,154,-0.5159453387657468,-1.2204760598834565,0.8242650247922377,-0.01854800920569253,0.2363940962245904,0.4338953048373784,0.5663281620522109,1.0099708153013436
Lubuk Selo,Gumay Ulu,387,0.1333653995475007,-0.6101751402823999,0.1822956043735905,-0.5048756296407804,0.818401265575821,-0.02731044353762138,0.005678722414340904,-0.9561886632499395
Rindu Hati,Gumay Ulu,298,0.548709049215527,-0.4691361296115114,0.3350917474165147,-1.5055429448168762,0.6587686240808474,-0.004714739371977843,-0.35530692901845257,-0.10644480202433532
Sumber Karya,Gumay Ulu,345,0.8166494367205287,-0.4804766085873377,-0.6909448186059695,-1.0474641558631306,0.28439852387568326,0.01998183628465288,0.6220536924862226,-0.545847533846155
Trans SP II Padang Muara Dua,Gumay Ulu,184,0.5831491561513581,-0.6120540511306316,-1.0626482828129136,-0.5882499024891731,-0.42966733743431834,0.6584979893017567,-0.8666140491080905,-1.2877715266840613
Padang,Merapi Selatan,397,0.7524166842424771,0.6399638381103759,0.1856342799742233,-0.30059414918253813,-0.5061630579450799,-0.4648718108689037,-0.20157726722827815,1.5103189341473264
Tanjung Menang,Merapi Selatan,87,1.5222060182639432,1.8081589800422966,-0.6215802776180612,1.0494198032818358,-1.4768673733919877,-0.9917933916372038,-1.4856341039292549,0.5109112004986173
Lubuk Pedaro,Merapi Selatan,234,0.03803669435749666,1.171610470255856,1.0369436831825702,1.5900741199257522,-0.4996737944254949,-1.2010280292976963,1.1766554001390055,0.95430647365027
Suka Merindu,Merapi Selatan,246,0.412957516598672,1.9983816029214958,0.11859012926510817,1.3953906143315788,-1.190859496621307,-0.9590122977598353,-0.7064274198117153,0.7452257757413608
Tanjung Beringin,Merapi Selatan,289,-0.5044957895914985,1.382454859831136,0.8473158844788231,1.638408173650257,0.21347156675797935,-1.0034199041715648,-0.2984780801503587,0.42780655010975566
Talang Akar,Merapi Selatan,107,0.9538771608368164,1.3441329635624608,-0.7285442894218453,-1.154079565401993,-0.042211039956049475,-0.4678210873650359,-1.0507538192338302,0.18319927353528512
Lubuk Betung,Merapi Selatan,611,0.06256608857859496,2.419418140258989,1.346964960893121,1.8023619850683341,-0.7610923415139867,-1.491128319160391,-1.0923434890821966,0.1563522143436614
Perangai,Merapi Selatan,622,0.8887965360484145,0.8251884651930953,-0.22847737250169894,0.22658533978971382,-1.8085019086682512,-0.39340290708680853,1.4141139075618425,2.311818368353054
Geramat,Merapi Selatan,327,0.39059985288704235,4.253007591917523,0.9884407196242173,0.3530173623937091,-0.6651202469110644,-2.1270804364111493,-0.5171426688633378,-0.13689336142249034
Pandan Arang Ilir,Tanjungtebat,177,2.1353691923354616,1.4097313617223899,0.5364548558241388,0.6140639544711878,-1.3729746816374606,-1.548278256465847,-0.4732970485871602,-0.26252546947637007
Tanjung Kurung Ulu,Tanjungtebat,212,0.20661842728268542,0.2993189992561361,0.0017190175798895517,-0.5130062562064491,-0.013591225128268644,-0.0874747853712709,-0.1850652772904944,-0.7692532182509464
Tanjung Kurung Ilir,Tanjungtebat,272,1.258734783242735,0.7872292774644601,-1.149464835871629,-1.6651997381881594,0.9305169416354245,-0.620492409200583,-0.18087393457610793,-0.8736122749798282
Tanjung Baru,Tanjungtebat,222,0.9728055011615081,-0.17502228962481195,-0.12009339344872295,0.4536373437860216,0.579560883081725,-0.7920059140872967,0.2694122083883647,-0.5081988811483683
Tanjung Nibung,Tanjungtebat,161,1.7351355901886305,0.1447635695131264,-0.6409678822420106,-1.572280445433367,-0.051632469681964714,-0.29473702586595807,-1.0542612434267014,-0.4766301350974292
TanjungTebat,Tanjungtebat,230,-0.9644689825047768,0.23973676112332368,2.9386301848265433,1.514467994538947,-0.051632469681964714,-0.7305016042283416,-0.07849583296992485,-0.4247170860358848
Tanjung Bai,Tanjungtebat,265,-0.17513762598661328,0.9484518041767757,0.25790975151164625,0.6197526369225573,-0.27607581254877056,-0.45780616053615825,0.0999460272877731,1.3990960715602623
Tanjung Menang,Tanjungtebat,469,0.1289889684523576,0.18551699128615884,0.32127462387003325,0.5148228271112708,-0.5546042340262475,-0.3326767279621855,1.1694980444684784,0.7669585774962846
Tanjung Raya,Tanjungtebat,152,0.8875283468565806,-0.8252751145318142,-0.5189025031293807,-0.20663140938062155,-0.6352652479663004,0.09706884503004491,1.3974974928677797,-0.3075711924298994
Air Dingin Lama,Tanjungtebat,158,-0.560294225440683,1.6482553132789834,-0.6018245539189734,-0.9232529720724398,1.1797722472159982,-0.23957695265552986,-1.4153039464194714,0.6355576565059127
Air Dingin Baru,Tanjungtebat,138,0.012974052435940044,-0.23117198061056993,0.35857084503716696,0.9827462274743649,-0.8917099535760836,0.0684001227693618,0.00907285771209367,2.119022317979793
Muara Danau,Tanjungtebat,207,-0.9644689825047768,-0.00033436211356344727,1.2331672314064468,1.7883852684813075,-0.6116841256113776,0.10874869483995278,-1.0125618669114544,1.3114859992446573
Talang Jawa,Tanjungtebat,91,0.5321287779539029,1.4049847658792034,-0.04989450024518917,-1.3013732514244392,-1.5471550234275395,0.10431478582120678,-0.8521796495451203,0.8012295341098189
Padang Perigi,Tanjungtebat,241,2.272043639415106,1.2210935677925905,-0.32368691694384866,-0.1866003971904836,-1.1517505357275417,-1.2937408829000534,0.3270089753335294,0.829812365144343
Muara Payang,Muarapayang,607,1.164327874483077,0.6260836365491547,0.5783005796686583,0.3464639272128683,-0.8222340232770974,-0.8882000430755745,0.10933684457206501,0.7301130646692795
Muara Gelumpai,Muarapayang,625,1.4731436208993776,0.8699788606485912,2.5597550302513716,1.9216701914254954,-2.0742702261041575,-1.6897646960634025,0.33342728799828986,0.4794005764199738
Talang Tinggi,Muarapayang,435,1.2121206416620605,1.45664900649651,0.8350750831280158,-0.7140962768257748,-1.7966761810537488,-0.8573909067399934,1.0146029955435465,1.279463007294816
Lawang Agung Lama,Muarapayang,287,1.6488572270579755,0.34455473479067505,0.6617845748063077,-0.3090833428092413,-1.460152627346948,-0.6097932976784828,-0.28536542280410065,0.8908355474993512
Lawang Agung Baru,Muarapayang,178,1.2686405729777588,0.5282578474335153,1.0268017919260548,0.784504710642319,-1.5128009472865678,-0.8068012073685719,-0.48288607870374023,1.1288829833508973
Muara Jauh,Muarapayang,294,2.065382783399893,0.5998434459786539,2.531675131577164,0.6621347723797655,-1.4986230745934679,-1.5521302820249905,-1.358070986609214,-1.626133364317342
Bandu Agung,Muarapayang,426,3.6428211915819806,1.003646716645249,0.48483299940737956,-0.5218697843216995,-2.4772083034607597,-1.631354511922722,0.3729146006866769,0.6901948526121673
Guru Agung,Sukamerindu,303,-0.04186598582806098,-0.37790242721955886,-0.5116958562510772,-0.5296217148515392,0.8267059689241644,0.13551457928282018,0.2128217914771859,0.11617233933472813
Karang Caya,Sukamerindu,414,-0.8196626069580039,-0.7851822650033864,0.2856878128397266,-0.7896596627409087,-0.2756531320537296,0.8350229921105926,1.3226032179423697,-0.30358663822561427
Gunung liwat,Sukamerindu,180,-0.6024530436378447,-0.1434536855817078,-1.1938377407683056,-0.9185619093020195,0.7884450142121542,0.6050361313082234,0.5052954382435313,0.6149859243356027
Kapitan,Sukamerindu,139,-0.8660214825826901,-1.2106541920460712,0.3365486338695948,1.438309023324334,-0.0733898721425318,0.4054122966827163,1.297403594724523,2.079807424803806
Rambai Kaca,Sukamerindu,661,-0.15905197842352084,0.21911852663608716,0.6754631817019814,1.484411929862349,-0.6204958309391627,-0.4958084273796149,1.1106366444306761,0.5247183906736624
Pagar Kaya,Sukamerindu,186,0.23018361575609864,-0.5305162471776566,1.1908480514208364,-0.24910185458141199,0.28981837861048426,-0.46068679809177604,1.3932231297827071,1.3863784804176735
Tanjung Raya,Sukamerindu,149,0.4481220702283393,-0.5332749041469212,-0.2724299035178512,0.5090953550434376,-0.4305130530221311,-0.11682419465536507,1.4695305513014612,1.716609085321513
Sukaraja,Sukamerindu,271,0.1103576758433173,1.5754943988438634,0.303706865080422,0.6759493675779941,-0.2525070857570161,-0.7958930907722664,-0.842379171613067,2.065385219318419
Tanjung Agung,Sukamerindu,206,0.642460019922032,-0.7300501735953637,-0.5054115075169525,0.027711985659338544,-1.0499381398629375,0.4897097272540289,-0.1269561763570613,0.11684185781488751
Jadian Baru,Mulak Sebingkai,178,1.2686405729777588,-0.7602829263789905,-2.193973102821491,-0.33976909714489717,-0.2102088936080457,0.5070208360086526,-0.8223377448306652,1.3636582895000169
Jadian Lama,Mulak Sebingkai,149,1.2528179021258419,0.49294548841963737,-0.4749371204959727,1.4044901549813547,-1.0529597256524046,-0.6213167434306078,-0.9635860891250908,-0.24667971643555428
Talang Berangin,Mulak Sebingkai,117,0.16613464195656472,-0.4620095991075771,-1.4130474760698368,-0.9755763645117417,1.6802195740382195,0.15530473953678872,-0.11442144965998345,-0.4744116287272775
Padang Bindu,Mulak Sebingkai,169,-0.13932969462582873,0.580993983639846,0.5112370781607989,-0.8220759081778745,0.21679465534929243,-0.13573022705522614,-0.3924995403859198,-0.6117883693405034
Keban Agung,Mulak Sebingkai,346,1.457480425845438,0.12108889385885072,-1.2199998003027626,-1.0513759292414298,-1.1325645385538199,-0.085880688934083,1.6617420778091456,1.2578058393287377
Danau Belidang,Mulak Sebingkai,171,-0.9530369002247685,0.7675044530975326,-0.7615262813655957,-0.45044322442219636,0.8562407409825571,0.21917636576999153,-0.060060319142131564,0.08955604326385967
Talang Padang,Mulak Sebingkai,82,-0.805535155685148,2.3091678600199046,3.1850103863525234,0.039559057515017225,-0.8138491136054095,-0.8571567560694409,-2.180144409338366,-0.27404262656457307
Lubuk Dendan,Mulak Sebingkai,203,0.24248859101807818,0.05060911231336209,-0.02702706915027431,-0.7579103409278272,-0.5631279229298125,0.42080415371102686,-1.2872025880980802,-0.8615027402088795
Penandingan,Mulak Sebingkai,238,0.06225689453379099,2.794934614812376,-0.674040854835807,-0.15868858188505122,-0.7378134061064049,-0.6380389520968274,-0.910766330124234,0.7066820126289521
Durian Dangkal,Mulak Sebingkai,312,0.08607342470714709,0.8448864563831693,0.005368458234188231,0.4854190502373866,-0.10332954561391063,-0.5228616448804537,0.14379392029981428,0.6864218294544807
Banjar Negara,Lahat Selatan,230,-1.094794720496872,-0.7574817507837458,0.18365156776331068,-0.22571233403604912,-0.253251065816553,0.9762429943576613,0.4469163111221855,-0.061325742605073195
Tanjung Payang,Lahat Selatan,1946,-1.6592940244718841,-1.0240387031357467,-0.7178209048880265,0.16998643029819357,0.1172464160833899,1.4397746887102483,0.3348679864571159,-1.1414159432236817
Tanjung Tebat,Lahat Selatan,326,-1.2103288869990674,0.16989067925662188,2.4806743469331813,1.2822660181800134,0.4091216840611903,-0.5865834459348344,0.22933766249508472,-1.152614470269994
Nantal,Lahat Selatan,271,-0.7192065235528625,1.928139321566228,1.1944397161428626,0.9221003365646168,0.004166034783327798,-0.9499918807835644,-0.39645742570463366,-1.3271612710135081
Karang Anyar,Lahat Selatan,283,-1.1555826972281675,-0.019258152746533315,-0.1436267266413069,-0.5152299682070951,0.28321113520586816,0.6368444932479719,0.5954427122789658,-1.264497787815922
Karang Baru,Lahat Selatan,344,-1.0042486409035267,0.8591331430345942,0.8060387636447053,1.4773711270693246,-0.04284096112958399,-0.3348510132152082,-0.4236793927513695,-1.7525744078164942
Kerung,Lahat Selatan,303,-0.2891838054500246,1.8299108348409219,-0.21294758565959093,-0.9699313689464226,-0.7037322195562115,0.05281998107873767,-0.9836613089305902,-1.8147189574428488
Muara Cawang,Lahat Selatan,178,-0.9205389584624972,1.7094202234283113,0.5182583874922316,1.3466416145359272,-0.9917641258151586,-0.38450126485446373,0.19601725355011032,-0.5145441596929393
Talang Sawah,Lahat Selatan,250,0.7297656113924652,1.2369552730303932,1.039006833632467,0.8009940598231984,-0.2935747850434709,-1.2287257721560005,-0.7300068916441418,-2.4960477435915083
Talang Sejemput,Lahat Selatan,502,0.29984644383288295,1.107502272314701,0.24271295720139566,1.2533253954300827,0.06484042449937119,-0.9370991533324202,-0.8561476717357375,-1.1674252899402917
