KECAMATAN,KELURAHAN,JUMLAH_KELUARGA,pct_desil1,pct_desil2,pct_desil3,pct_desil4,pct_desil5,pct_desil6_10,pct_belum_prmk,pct_nonaktif,cluster_hier
Tanjungsakti Pumu,Kembang Ayun,211,15.165876777251183,9.004739336492891,7.109004739336493,13.270142180094789,13.270142180094789,39.81042654028436,2.3696682464454977,5.213270142180095,0
Tanjungsakti Pumu,Gunung Meraksa,457,17.286652078774615,8.315098468271334,6.3457330415754925,3.719912472647703,23.63238512035011,37.63676148796499,3.063457330415755,11.159737417943107,1
Tanjungsakti Pumu,Tanjung Alam,456,13.37719298245614,8.991228070175438,5.701754385964912,4.605263157894736,17.982456140350877,45.39473684210527,3.947368421052632,8.333333333333332,1
Tanjungsakti Pumu,Batu Rancing,222,13.963963963963964,11.711711711711713,9.45945945945946,7.657657657657657,13.513513513513514,42.34234234234234,1.351351351351351,6.756756756756757,1
Tanjungsakti Pumu,Suban,346,15.895953757225437,10.404624277456648,9.248554913294797,6.647398843930636,19.653179190751445,34.68208092485549,3.4682080924855487,8.092485549132949,1
Tanjungsakti Pumu,Genting,259,13.8996138996139,15.444015444015443,8.108108108108109,3.861003861003861,14.671814671814673,43.24324324324324,0.7722007722007722,7.722007722007722,1
Tanjungsakti Pumu,Gunung Ayu,288,15.27777777777778,13.88888888888889,5.555555555555555,6.597222222222222,23.26388888888889,32.98611111111111,2.430555555555556,10.069444444444445,1
Tanjungsakti Pumu,Ujung Pulau,368,19.293478260869566,10.597826086956522,4.076086956521739,4.3478260869565215,16.847826086956523,42.391304347826086,2.4456521739130435,7.336956521739131,1
Tanjungsakti Pumu,Muara Cawang,286,23.426573426573427,14.335664335664337,5.594405594405594,3.4965034965034967,23.07692307692308,26.223776223776223,3.8461538461538463,8.041958041958042,1
Tanjungsakti Pumu,Kepala Siring,267,15.355805243445692,13.108614232209735,5.617977528089887,3.745318352059925,24.344569288389515,33.70786516853933,4.119850187265917,10.486891385767793,1
Tanjungsakti Pumu,Simpang III Pumu,544,6.066176470588236,6.4338235294117645,4.963235294117647,4.227941176470589,22.426470588235293,49.44852941176471,6.4338235294117645,9.558823529411764,2
Tanjungsakti Pumu,Gunung Raya,313,11.182108626198085,14.376996805111824,6.389776357827476,7.028753993610224,18.210862619808307,41.5335463258786,1.2779552715654952,4.792332268370607,1
Tanjungsakti Pumu,Talang Tinggi,192,27.08333333333333,12.5,5.208333333333334,2.083333333333333,18.229166666666664,32.8125,2.083333333333333,11.979166666666668,1
Tanjungsakti Pumu,Karang Agung,321,19.31464174454829,9.96884735202492,6.230529595015576,3.4267912772585665,25.233644859813083,32.398753894081,3.4267912772585665,8.411214953271028,1
Jarai,Sadan,514,22.762645914396888,14.591439688715957,10.700389105058363,7.782101167315175,10.311284046692606,30.155642023346303,3.696498054474709,6.614785992217899,0
Jarai,Penantian,549,21.67577413479053,18.397085610200364,10.200364298724956,7.832422586520947,11.11111111111111,26.229508196721312,4.553734061930783,8.014571948998178,0
Jarai,Bandar Aji,412,24.75728155339806,14.07766990291262,8.25242718446602,5.339805825242718,12.135922330097088,30.582524271844655,4.854368932038835,10.679611650485436,0
Jarai,Tertap,355,17.183098591549296,10.704225352112676,4.225352112676056,5.915492957746479,19.154929577464788,38.309859154929576,4.507042253521127,7.323943661971831,1
Jarai,Serambi,345,17.681159420289855,21.44927536231884,10.434782608695652,4.057971014492753,9.27536231884058,31.88405797101449,5.217391304347826,9.27536231884058,1
Jarai,Muara Tawi,134,8.955223880597014,9.701492537313433,6.7164179104477615,5.970149253731343,23.88059701492537,43.28358208955223,1.4925373134328357,3.731343283582089,1
Jarai,Kedaton,128,29.6875,16.40625,11.71875,5.46875,7.8125,25.78125,3.125,4.6875,0
Jarai,Pelajaran,267,22.47191011235955,13.108614232209735,5.243445692883896,6.741573033707865,13.48314606741573,35.580524344569284,3.3707865168539324,7.490636704119851,1
Jarai,Nanti Giri,385,16.623376623376622,10.649350649350648,10.38961038961039,9.87012987012987,9.090909090909092,40.25974025974026,3.116883116883117,9.090909090909092,0
Jarai,Pama Salak,273,22.344322344322347,12.82051282051282,9.89010989010989,11.355311355311356,12.087912087912088,28.57142857142857,2.93040293040293,6.227106227106227,0
Jarai,Jemaring,216,18.98148148148148,10.648148148148149,5.092592592592593,4.62962962962963,18.055555555555557,39.81481481481482,2.7777777777777777,9.25925925925926,1
Jarai,Aromantai,335,10.44776119402985,9.25373134328358,12.238805970149254,11.343283582089551,8.358208955223882,45.07462686567164,3.2835820895522385,4.477611940298507,0
Jarai,Tanjung Menang,401,16.957605985037407,18.952618453865338,5.7356608478803,6.483790523690773,15.46134663341646,32.66832917705736,3.740648379052369,7.98004987531172,0
Jarai,Mangun Sari,591,16.751269035532996,11.505922165820644,8.629441624365482,6.260575296108291,17.59729272419628,34.179357021996616,5.076142131979696,7.2758037225042305,1
Jarai,Pagar Dewa,291,19.587628865979383,17.869415807560138,12.371134020618555,8.934707903780069,10.996563573883162,26.46048109965636,3.7800687285223367,8.24742268041237,0
Jarai,Sukananti,252,18.253968253968253,19.444444444444446,11.904761904761903,7.5396825396825395,14.285714285714285,25.396825396825395,3.1746031746031744,5.555555555555555,0
Jarai,Lubuk Saung,278,30.575539568345324,15.827338129496402,12.949640287769784,7.553956834532374,4.316546762589928,23.381294964028772,5.39568345323741,12.589928057553957,0
Jarai,Karang Tanding,247,7.6923076923076925,10.526315789473683,10.931174089068826,6.477732793522267,12.550607287449392,51.012145748987855,0.8097165991902834,11.336032388663968,1
Jarai,Gunung Raya,215,23.72093023255814,10.232558139534884,8.837209302325581,6.511627906976744,9.767441860465116,37.67441860465116,3.255813953488372,4.186046511627907,0
Jarai,Gunung Megang,151,18.543046357615893,22.516556291390728,9.271523178807946,7.947019867549669,13.90728476821192,22.516556291390728,5.298013245033113,4.635761589403973,0
Kota Agung,Bangke,185,26.486486486486488,21.62162162162162,15.135135135135137,12.432432432432432,8.108108108108109,15.135135135135137,1.0810810810810811,9.18918918918919,0
Kota Agung,Tebat Langsat,102,11.76470588235294,13.725490196078432,10.784313725490197,4.901960784313726,16.666666666666664,41.17647058823529,0.9803921568627452,5.88235294117647,1
Kota Agung,Singapure,192,17.708333333333336,8.854166666666668,7.8125,5.729166666666666,16.666666666666664,41.14583333333333,2.083333333333333,8.854166666666668,1
Kota Agung,Gunung Liwat,55,12.727272727272728,10.909090909090908,14.545454545454543,10.909090909090908,18.181818181818183,32.72727272727273,0.0,3.636363636363636,0
Kota Agung,Kebun Jati,122,17.21311475409836,13.934426229508196,13.114754098360656,12.295081967213116,7.377049180327869,34.42622950819672,1.639344262295082,8.19672131147541,0
Kota Agung,Bintuhan,72,12.5,15.27777777777778,12.5,6.944444444444445,9.722222222222223,43.05555555555556,0.0,5.555555555555555,1
Kota Agung,Mutar Alam Baru,114,12.280701754385964,8.771929824561402,14.912280701754383,17.543859649122805,20.175438596491222,25.438596491228072,0.8771929824561403,7.894736842105263,0
Kota Agung,Pandan Arang Ulu,122,13.934426229508196,13.934426229508196,4.918032786885246,6.557377049180328,12.295081967213116,46.72131147540984,1.639344262295082,3.278688524590164,1
Kota Agung,Mutar Alam Lama,102,23.52941176470588,6.862745098039216,9.803921568627452,2.941176470588235,17.647058823529413,37.25490196078432,1.96078431372549,8.823529411764707,1
Kota Agung,Tanjung Raman,85,16.470588235294116,14.117647058823527,14.117647058823527,2.3529411764705883,10.588235294117649,38.82352941176471,3.5294117647058822,15.294117647058824,0
Kota Agung,Tunggul Bute,641,21.37285491419657,10.29641185647426,8.424336973478939,4.5241809672386895,18.876755070202808,30.57722308892356,5.928237129485179,5.61622464898596,1
Kota Agung,Karang Endah,159,16.352201257861633,7.547169811320755,7.547169811320755,9.433962264150944,10.69182389937107,47.16981132075472,1.257861635220126,3.7735849056603774,1
Kota Agung,Karang Agung,192,18.75,10.416666666666668,7.291666666666667,5.729166666666666,10.416666666666668,44.27083333333333,3.125,12.5,0
Kota Agung,Suka Raja,142,9.859154929577464,7.746478873239436,7.042253521126761,4.225352112676056,10.56338028169014,55.633802816901415,4.929577464788732,7.746478873239436,2
Kota Agung,Gedung Agung,204,10.784313725490197,17.647058823529413,15.196078431372548,14.705882352941178,11.76470588235294,28.431372549019606,1.4705882352941175,7.352941176470589,0
Kota Agung,Lawang Agung,195,13.846153846153848,14.871794871794872,7.6923076923076925,9.743589743589745,10.256410256410255,41.53846153846154,2.051282051282051,8.205128205128204,0
Kota Agung,Sukarami,365,10.95890410958904,15.616438356164384,11.78082191780822,9.58904109589041,11.232876712328768,36.71232876712329,4.10958904109589,10.684931506849315,0
Kota Agung,Tanjung Beringin,136,27.20588235294117,21.323529411764707,6.61764705882353,5.88235294117647,9.558823529411764,27.94117647058824,1.4705882352941175,7.352941176470589,0
Kota Agung,Pagaruyung,331,15.709969788519636,21.148036253776432,9.969788519637463,7.250755287009064,8.459214501510575,31.419939577039276,6.042296072507553,7.552870090634441,1
Kota Agung,Muara Gula,131,18.3206106870229,18.3206106870229,12.97709923664122,2.2900763358778624,14.50381679389313,31.29770992366413,2.2900763358778624,6.870229007633588,0
Kota Agung,Tanjung Bulan,301,20.59800664451827,24.91694352159469,7.973421926910299,5.647840531561462,9.966777408637874,28.23920265780731,2.6578073089701,9.634551495016613,0
Pulau Pinang,Tanjung Mulak,249,27.710843373493976,8.835341365461847,10.040160642570282,6.024096385542169,12.449799196787149,30.522088353413658,4.417670682730924,8.835341365461847,0
Pulau Pinang,Tanjung Sirih,333,12.312312312312311,11.711711711711713,8.708708708708707,7.207207207207207,15.315315315315312,41.44144144144144,3.303303303303303,10.81081081081081,1
Pulau Pinang,Lubuk Sepang,241,13.692946058091287,16.59751037344398,9.95850622406639,6.639004149377594,11.20331950207469,39.83402489626556,2.0746887966804977,7.053941908713693,1
Pulau Pinang,Karang Dalam,312,20.833333333333336,11.21794871794872,11.21794871794872,5.128205128205128,7.371794871794872,37.5,6.730769230769231,14.423076923076922,0
Pulau Pinang,Kuba,283,12.014134275618376,12.014134275618376,7.773851590106007,6.36042402826855,14.487632508833922,41.69611307420495,5.653710247349824,13.780918727915196,0
Pulau Pinang,Jati,603,6.799336650082918,7.79436152570481,8.12603648424544,6.301824212271974,12.106135986733,54.22885572139303,4.643449419568822,9.286898839137644,2
Pulau Pinang,Pagar Batu,226,11.946902654867255,15.486725663716811,8.849557522123893,7.079646017699115,11.061946902654867,39.823008849557525,5.752212389380531,7.52212389380531,1
Pulau Pinang,Muara Siban,812,4.926108374384237,4.1871921182266005,4.310344827586207,3.940886699507389,13.423645320197044,65.02463054187191,4.1871921182266005,6.280788177339902,2
Pulau Pinang,Perigi,97,17.525773195876287,18.55670103092784,7.216494845360824,9.278350515463918,12.371134020618555,32.98969072164948,2.061855670103093,10.309278350515465,0
Merapi Barat,Suka Cinta,440,10.227272727272728,12.045454545454543,11.59090909090909,8.863636363636363,8.409090909090908,46.36363636363636,2.5,7.045454545454545,0
Merapi Barat,Gunung Agung,589,7.130730050933787,7.30050933786078,7.470288624787775,3.0560271646859083,13.412563667232597,57.72495755517827,3.904923599320883,6.621392190152801,2
Merapi Barat,Tanjung Pinang,381,9.973753280839896,15.485564304461944,5.2493438320209975,6.824146981627297,14.435695538057743,44.61942257217848,3.4120734908136483,8.398950131233596,1
Merapi Barat,Suka Marga,303,8.91089108910891,11.22112211221122,5.6105610561056105,7.590759075907591,13.861386138613865,50.495049504950494,2.31023102310231,6.930693069306932,1
Merapi Barat,Payo,481,6.029106029106029,7.484407484407485,6.237006237006238,5.405405405405405,12.889812889812893,59.66735966735966,2.2869022869022877,9.563409563409564,2
Merapi Barat,Karang Endah,294,11.224489795918368,7.142857142857142,7.142857142857142,3.061224489795918,16.666666666666664,50.0,4.761904761904762,8.843537414965986,2
Merapi Barat,Tanjung Telang,436,5.504587155963304,5.275229357798166,7.110091743119266,4.587155963302752,18.11926605504587,56.65137614678899,2.752293577981652,7.568807339449542,2
Merapi Barat,Lubuk Kepayang,285,5.964912280701754,9.473684210526317,7.719298245614035,4.56140350877193,11.929824561403509,57.54385964912281,2.807017543859649,8.070175438596491,2
Merapi Barat,Muara Temiang,315,6.031746031746032,9.523809523809524,5.396825396825397,3.8095238095238098,15.23809523809524,56.82539682539682,3.1746031746031744,7.301587301587302,2
Merapi Barat,Ulak Pandan,974,5.749486652977413,6.981519507186857,5.852156057494867,5.133470225872689,12.833675564681725,60.06160164271047,3.388090349075976,5.133470225872689,2
Merapi Barat,Negeri Agung,288,8.333333333333332,11.805555555555555,9.375,6.597222222222222,11.11111111111111,49.30555555555556,3.4722222222222223,5.208333333333334,1
Merapi Barat,Lebak Budi,426,5.868544600938967,6.572769953051644,5.164319248826291,5.633802816901409,11.502347417840376,62.91079812206573,2.3474178403755865,7.276995305164319,2
Merapi Barat,Tanjung Baru,400,5.25,11.0,4.25,6.75,16.75,53.75,2.25,6.0,1
Merapi Barat,Kebur,775,8.774193548387096,5.032258064516129,3.612903225806452,4.387096774193548,18.580645161290324,55.612903225806456,4.0,8.258064516129032,2
Merapi Barat,Telatang,522,3.256704980842912,3.8314176245210727,6.130268199233716,4.022988505747127,12.643678160919542,66.66666666666666,3.4482758620689653,5.747126436781609,2
Merapi Barat,Muara Maung,506,3.75494071146245,6.126482213438735,3.557312252964427,4.3478260869565215,17.588932806324113,61.26482213438735,3.3596837944664038,8.102766798418973,2
Merapi Barat,Merapi,1062,4.519774011299435,3.2015065913371,2.919020715630885,2.6365348399246704,15.34839924670433,66.47834274952919,4.896421845574388,7.250470809792843,2
Merapi Barat,Purwosari,272,11.76470588235294,7.720588235294118,6.61764705882353,4.044117647058823,29.411764705882355,39.70588235294117,0.7352941176470588,4.044117647058823,1
Merapi Barat,Karang Rejo,138,18.84057971014493,16.666666666666664,8.695652173913043,11.594202898550725,10.144927536231885,29.71014492753623,4.3478260869565215,9.420289855072465,0
Lahat,Lahat Tengah,844,3.672985781990521,6.6350710900473935,5.924170616113744,7.819905213270142,12.914691943127965,58.29383886255924,4.739336492890995,6.042654028436019,2
Lahat,Gunung Gajah,1591,10.999371464487744,6.78818353236958,4.965430546825895,6.66247642991829,7.416719044626022,56.50534255185418,6.66247642991829,7.793840351979887,2
Lahat,Pagar Agung,3569,6.052115438498179,8.573830204539085,6.864667974222471,8.293639674978985,13.0568786775007,52.675819557298965,4.483048472961614,7.397029980386663,2
Lahat,Pasar Baru,826,5.205811138014528,5.447941888619854,4.116222760290557,3.2687651331719128,15.012106537530268,54.11622276029056,12.832929782082324,7.263922518159806,2
Lahat,Kota Baru,1759,5.57134735645253,9.835133598635588,6.310403638430927,7.845366685616828,16.770892552586698,47.98180784536669,5.6850483229107445,6.935758953951108,2
Lahat,Pasar Lama,2993,9.58904109589041,6.715669896424991,6.448379552288673,5.713331105913799,13.063815569662546,50.785165385900434,7.684597393919144,8.553291012362179,2
Lahat,Pasar Bawah,896,10.714285714285714,6.026785714285714,8.59375,8.035714285714286,17.633928571428573,42.410714285714285,6.584821428571429,9.040178571428571,2
Lahat,RD. PJKA,896,7.03125,6.138392857142857,5.245535714285714,4.6875,14.84375,56.58482142857143,5.46875,8.705357142857142,2
Lahat,Bandar Agung,2872,3.6908077994428967,3.447075208913649,2.054317548746518,2.6462395543175488,10.236768802228411,70.40389972144847,7.520891364902507,7.103064066852367,2
Lahat,Kota Negara,852,5.751173708920188,4.342723004694836,4.107981220657277,6.338028169014084,14.553990610328638,60.68075117370893,4.225352112676056,8.685446009389672,2
Lahat,Kota Jaya,995,11.55778894472362,9.346733668341708,10.050251256281408,7.236180904522612,13.467336683417086,44.42211055276382,3.919597989949749,7.63819095477387,2
Lahat,RD. PJKA Bandar Agung,425,7.529411764705881,9.647058823529411,6.11764705882353,6.352941176470588,13.176470588235295,52.94117647058824,4.235294117647059,6.11764705882353,2
Lahat,Sari Bunga Mas,1197,6.182121971595656,5.764411027568922,6.349206349206349,6.098579782790309,11.194653299916457,60.81871345029239,3.592314118629908,5.179615705931495,2
Lahat,Bandar Jaya,3128,3.164961636828645,2.749360613810742,2.6214833759590794,2.429667519181585,7.448849104859335,74.52046035805625,7.065217391304348,7.19309462915601,2
Lahat,Talang Jawa Selatan,2481,13.744457879887143,9.310761789600967,7.496977025392987,6.690850463522772,13.945989520354695,42.039500201531645,6.771463119709795,9.794437726723096,0
Lahat,Talang Jawa Utara,1367,8.339429407461594,9.070958302852963,7.388441843452817,8.19312362838332,13.094367227505485,48.13460131675201,5.779078273591807,8.339429407461594,2
Lahat,Padang Lengkuas,267,13.108614232209735,10.112359550561797,10.112359550561797,6.367041198501873,8.239700374531834,47.19101123595505,4.868913857677903,11.610486891385769,0
Lahat,Selawi,1393,2.9432878679109837,3.804737975592247,3.5175879396984926,3.230437903804738,10.265613783201722,71.85929648241206,4.379038047379756,7.394113424264178,2
Lahat,Sukanegara,687,16.73944687045124,12.081513828238718,9.315866084425036,7.5691411935953425,9.8981077147016,38.28238719068413,6.11353711790393,7.714701601164483,1
Lahat,Kota Raya,392,7.908163265306123,7.142857142857142,5.612244897959184,6.377551020408164,12.244897959183673,58.41836734693877,2.295918367346939,6.887755102040815,2
Lahat,Keban,409,8.06845965770171,9.290953545232274,6.356968215158925,9.535452322738386,15.892420537897312,49.63325183374083,1.2224938875305624,8.312958435207824,1
Lahat,Pagar Sari,465,6.236559139784946,6.021505376344086,4.301075268817205,6.451612903225806,16.129032258064516,57.204301075268816,3.655913978494624,6.451612903225806,2
Lahat,Pagar Negara,551,17.05989110707804,11.978221415607983,15.245009074410165,13.430127041742288,7.985480943738657,28.49364791288566,5.807622504537205,9.25589836660617,0
Lahat,Senabing,380,21.842105263157897,15.0,7.368421052631578,6.315789473684211,15.263157894736842,31.05263157894737,3.1578947368421053,6.315789473684211,1
Lahat,Manggul,2307,3.2076289553532726,4.59471174685739,3.814477676636324,5.028175119202427,10.489813610749891,68.66059817945384,4.204594711746858,5.461638491547465,2
Lahat,Ulak Lebar,823,5.224787363304982,5.953827460510328,4.738760631834751,6.804374240583232,7.776427703523693,65.61360874848117,3.888213851761847,6.318347509113001,2
Lahat,Giri Mulya,381,13.648293963254591,11.548556430446194,13.123359580052494,12.335958005249344,11.548556430446194,35.170603674540686,2.6246719160104988,5.511811023622047,0
Lahat,Makarti Tama,415,11.08433734939759,9.156626506024097,12.289156626506024,10.361445783132533,12.048192771084338,41.9277108433735,3.132530120481928,7.710843373493977,0
Lahat,Ulak Mas,330,9.393939393939393,10.606060606060606,6.0606060606060606,4.242424242424243,16.666666666666664,47.87878787878788,5.151515151515151,9.090909090909092,1
Pajar Bulan,Talang Baru,113,16.8141592920354,22.12389380530973,12.389380530973453,15.04424778761062,13.274336283185844,17.699115044247787,2.6548672566371683,10.619469026548671,0
Pajar Bulan,Talang Pagar Agung,116,15.517241379310343,18.103448275862068,9.482758620689657,13.79310344827586,17.24137931034483,20.689655172413797,5.172413793103448,14.6551724137931,0
Pajar Bulan,Bantunan,362,11.878453038674031,14.917127071823206,8.83977900552486,7.458563535911603,12.70718232044199,39.226519337016576,4.972375690607735,8.56353591160221,1
Pajar Bulan,Suka Bumi,97,9.278350515463918,11.34020618556701,21.649484536082475,10.309278350515465,13.402061855670103,32.98969072164948,1.0309278350515465,10.309278350515465,0
Pajar Bulan,Pulau Panggung,394,14.467005076142131,10.406091370558377,9.390862944162436,3.807106598984772,11.6751269035533,45.431472081218274,4.822335025380711,10.152284263959393,0
Pajar Bulan,Kota Raya Lembak,282,16.312056737588655,18.43971631205673,7.801418439716312,9.574468085106384,8.865248226950355,34.04255319148936,4.964539007092199,9.574468085106384,0
Pajar Bulan,Sumur,236,17.372881355932204,14.83050847457627,5.084745762711865,8.898305084745763,17.372881355932204,30.93220338983051,5.508474576271186,8.47457627118644,1
Pajar Bulan,Gelung Sakti,95,26.31578947368421,14.736842105263156,10.526315789473683,4.2105263157894735,11.578947368421051,28.421052631578945,4.2105263157894735,5.263157894736842,0
Pajar Bulan,Pulau,193,12.953367875647666,17.616580310880828,8.290155440414509,4.145077720207254,10.88082901554404,42.487046632124354,3.6269430051813463,5.181347150259067,0
Pajar Bulan,Ulak Bandung,261,16.85823754789272,15.32567049808429,10.727969348659004,8.045977011494253,13.79310344827586,32.95019157088122,2.2988505747126435,13.026819923371647,0
Pajar Bulan,Talang Padang Tinggi,199,13.06532663316583,12.060301507537687,9.045226130653267,5.527638190954774,12.562814070351758,40.7035175879397,7.035175879396985,11.55778894472362,0
Pajar Bulan,Aceh,257,20.62256809338521,16.731517509727624,10.894941634241246,7.782101167315175,12.45136186770428,25.29182879377432,6.22568093385214,7.392996108949417,1
Pajar Bulan,Pajar Tinggi,182,16.483516483516482,21.428571428571427,12.637362637362637,14.835164835164836,13.186813186813188,18.13186813186813,3.296703296703297,9.89010989010989,0
Pajar Bulan,Kota Raya Darat,186,22.58064516129032,15.591397849462366,10.21505376344086,8.60215053763441,8.064516129032258,33.33333333333333,1.6129032258064515,6.451612903225806,0
Pajar Bulan,Jenti'an,212,14.62264150943396,12.264150943396226,7.075471698113208,6.132075471698113,13.20754716981132,43.39622641509434,3.30188679245283,9.433962264150944,1
Pajar Bulan,Tongkok,414,15.458937198067632,17.14975845410628,12.318840579710146,10.869565217391305,17.14975845410628,22.946859903381643,4.1062801932367154,7.971014492753622,0
Pajar Bulan,Benua Raja,336,13.392857142857142,11.01190476190476,7.440476190476191,5.952380952380952,15.773809523809524,41.36904761904761,5.059523809523809,7.738095238095238,1
Pajar Bulan,Talang Mengkenang,84,15.476190476190476,13.095238095238097,7.142857142857142,7.142857142857142,17.857142857142858,34.523809523809526,4.761904761904762,10.714285714285714,1
Pajar Bulan,Talang Tangsi,72,18.055555555555557,11.11111111111111,8.333333333333332,8.333333333333332,19.444444444444446,33.33333333333333,1.3888888888888888,8.333333333333332,1
Mulak Ulu,Pajar Bulan,358,20.670391061452516,15.363128491620111,11.731843575418994,9.217877094972067,10.05586592178771,30.16759776536313,2.793296089385475,6.145251396648044,0
Mulak Ulu,Sukananti,131,16.793893129770993,17.557251908396946,14.50381679389313,8.396946564885496,10.687022900763358,31.29770992366413,0.7633587786259541,7.633587786259542,0
Mulak Ulu,Karang Lebak,135,12.592592592592592,25.925925925925924,9.62962962962963,8.88888888888889,17.037037037037038,25.185185185185183,0.7407407407407408,8.88888888888889,0
Mulak Ulu,Babatan,112,14.285714285714285,14.285714285714285,5.357142857142857,7.142857142857142,8.035714285714286,48.21428571428572,2.6785714285714284,6.25,1
Mulak Ulu,Muara Tiga,277,15.52346570397112,19.494584837545126,12.63537906137184,5.776173285198556,10.469314079422382,34.29602888086642,1.8050541516245489,7.220216606498194,0
Mulak Ulu,Sengkuang,81,13.580246913580249,14.814814814814811,11.11111111111111,11.11111111111111,16.049382716049383,33.33333333333333,0.0,2.469135802469136,0
Mulak Ulu,Penindayan,139,19.42446043165468,28.776978417266186,12.949640287769784,5.755395683453238,10.071942446043163,22.30215827338129,0.7194244604316548,5.035971223021583,0
Mulak Ulu,Datar Balam,304,17.763157894736842,15.13157894736842,12.171052631578949,6.25,10.855263157894738,33.55263157894737,4.276315789473684,10.855263157894738,0
Mulak Ulu,Tebing Tinggi,114,22.807017543859647,26.31578947368421,12.280701754385964,10.526315789473683,7.894736842105263,16.666666666666664,3.508771929824561,9.649122807017545,0
Mulak Ulu,Geramat,391,20.20460358056266,18.15856777493606,9.974424552429667,7.928388746803069,15.34526854219949,26.34271099744245,2.0460358056265986,7.41687979539642,0
Mulak Ulu,Pengentaan,196,10.20408163265306,22.95918367346939,12.755102040816327,6.122448979591836,13.77551020408163,32.6530612244898,1.530612244897959,6.122448979591836,0
Mulak Ulu,Lesung Batu,257,16.731517509727624,17.509727626459142,15.17509727626459,5.447470817120623,12.840466926070038,30.739299610894943,1.556420233463035,4.669260700389105,0
Mulak Ulu,Air Puar,350,10.857142857142858,20.285714285714285,18.571428571428573,10.285714285714285,11.142857142857142,26.857142857142858,2.0,9.428571428571429,0
Mulak Ulu,Mengkenang,472,23.516949152542374,16.52542372881356,9.533898305084746,6.991525423728813,10.38135593220339,30.720338983050848,2.330508474576271,5.296610169491525,0
Mulak Ulu,Lawang Agung Mulak,738,29.40379403794038,19.10569105691057,10.43360433604336,6.097560975609756,10.16260162601626,22.899728997289973,1.8970189701897016,6.233062330623306,0
Mulak Ulu,Padang Masat,153,18.30065359477124,14.37908496732026,7.18954248366013,2.6143790849673203,27.450980392156865,29.411764705882355,0.6535947712418301,3.92156862745098,1
Kikim Selatan,Pandan Arang,366,20.21857923497268,18.852459016393443,9.289617486338798,8.743169398907105,13.661202185792352,25.136612021857925,4.098360655737705,8.743169398907105,0
Kikim Selatan,Tanjung Kurung,226,18.58407079646018,19.91150442477876,13.716814159292037,8.4070796460177,12.831858407079649,22.12389380530973,4.424778761061947,4.424778761061947,0
Kikim Selatan,Nanjungan,463,22.4622030237581,14.038876889848812,8.639308855291576,4.319654427645788,19.870410367170628,27.213822894168462,3.455723542116631,8.423326133909287,1
Kikim Selatan,Pagardin,289,28.027681660899656,15.22491349480969,10.034602076124568,4.1522491349480966,13.84083044982699,24.567474048442904,4.1522491349480966,4.844290657439446,0
Kikim Selatan,Pulau Beringin,459,26.57952069716776,20.697167755991288,10.893246187363834,6.971677559912854,7.84313725490196,22.440087145969496,4.57516339869281,8.278867102396514,0
Kikim Selatan,Beriningin Jaya,470,21.06382978723404,15.95744680851064,7.234042553191489,6.170212765957447,9.148936170212766,37.234042553191486,3.191489361702128,9.787234042553193,0
Kikim Selatan,Banu Ayu,487,15.811088295687886,14.989733059548255,10.677618069815194,10.677618069815194,8.41889117043121,33.67556468172484,5.749486652977413,6.570841889117044,0
Kikim Selatan,Tanjung Alam,310,11.612903225806452,7.419354838709677,5.161290322580645,5.483870967741936,18.387096774193548,46.45161290322581,5.483870967741936,6.451612903225806,2
Kikim Selatan,Sirah Pulau,174,12.643678160919542,12.06896551724138,7.471264367816093,5.747126436781609,13.218390804597702,47.12643678160919,1.7241379310344829,8.620689655172415,1
Kikim Selatan,Tanjung Beringin,454,20.044052863436125,16.079295154185022,11.233480176211454,7.048458149779736,13.876651982378856,27.31277533039648,4.405286343612335,12.995594713656388,0
Kikim Selatan,Pagar Jati,754,15.649867374005304,11.80371352785146,9.549071618037134,5.702917771883289,18.96551724137931,33.42175066312997,4.907161803713528,8.090185676392574,1
Kikim Selatan,Karang Cahaya,294,20.40816326530612,13.26530612244898,9.523809523809524,5.1020408163265305,14.965986394557824,31.63265306122449,5.1020408163265305,8.16326530612245,1
Kikim Selatan,Jaga Baya,204,17.15686274509804,15.196078431372548,9.31372549019608,9.803921568627452,13.23529411764706,32.84313725490196,2.450980392156863,6.862745098039216,0
Kikim Selatan,Keban Agung,356,26.12359550561798,14.887640449438203,7.303370786516854,8.707865168539326,9.550561797752808,27.52808988764045,5.8988764044943816,10.112359550561797,0
Kikim Selatan,Padang Bindu,168,19.642857142857142,16.666666666666664,12.5,7.142857142857142,14.285714285714285,27.380952380952383,2.380952380952381,8.333333333333332,0
Kikim Selatan,Beringin Janggut,284,44.36619718309859,13.380281690140844,6.338028169014084,3.169014084507042,6.338028169014084,21.47887323943662,4.929577464788732,9.15492957746479,0
Kikim Selatan,Keban Raya,79,24.050632911392405,18.9873417721519,8.860759493670885,7.59493670886076,17.72151898734177,16.455696202531644,6.329113924050633,15.18987341772152,0
Kikim Selatan,Lubuk Tungkang,147,17.006802721088434,7.482993197278912,3.4013605442176877,6.802721088435375,24.489795918367346,36.054421768707485,4.761904761904762,5.442176870748299,1
Kikim Timur,Bunga Mas,980,11.224489795918368,11.83673469387755,5.408163265306123,6.020408163265306,13.877551020408164,46.63265306122449,5.0,8.571428571428571,1
Kikim Timur,Gunung Kembang,327,15.29051987767584,18.04281345565749,8.56269113149847,7.64525993883792,11.62079510703364,37.00305810397553,1.834862385321101,11.62079510703364,0
Kikim Timur,Tanjung Bindu,143,10.48951048951049,11.888111888111888,13.986013986013988,5.594405594405594,16.083916083916083,37.76223776223776,4.195804195804196,4.895104895104895,0
Kikim Timur,Lubuk Tapang,218,13.302752293577983,13.761467889908255,7.79816513761468,6.422018348623854,18.34862385321101,37.15596330275229,3.211009174311927,5.963302752293578,1
Kikim Timur,Lubuk Nambulan,440,20.454545454545457,12.727272727272728,8.863636363636363,6.363636363636363,17.727272727272727,28.63636363636364,5.227272727272727,9.318181818181818,1
Kikim Timur,Gelumbang,191,15.706806282722512,14.659685863874344,8.37696335078534,10.471204188481677,16.230366492146597,31.93717277486911,2.6178010471204187,10.471204188481677,1
Kikim Timur,Gunung Aji,307,23.778501628664493,8.143322475570033,7.166123778501629,6.840390879478828,13.355048859934854,34.85342019543974,5.863192182410423,9.77198697068404,1
Kikim Timur,Gunung Karto,370,18.37837837837838,12.162162162162163,8.91891891891892,4.324324324324325,11.081081081081082,40.81081081081081,4.324324324324325,11.891891891891891,0
Kikim Timur,Karang Endah,188,10.638297872340424,10.106382978723405,6.914893617021277,7.446808510638298,7.978723404255319,50.0,6.914893617021277,8.51063829787234,2
Kikim Timur,Padu Raksa,337,8.902077151335313,10.089020771513352,9.495548961424332,8.902077151335313,16.61721068249258,42.72997032640949,3.2640949554896146,6.231454005934718,1
Kikim Timur,Seronggo,304,15.460526315789474,12.828947368421051,9.86842105263158,7.894736842105263,15.460526315789474,32.89473684210527,5.592105263157895,6.907894736842106,1
Kikim Timur,Datar Serdang,171,15.204678362573098,19.29824561403509,9.941520467836256,4.093567251461988,9.35672514619883,38.01169590643275,4.093567251461988,6.432748538011696,0
Kikim Timur,Batu Urip,264,12.12121212121212,8.712121212121213,7.575757575757576,6.0606060606060606,14.772727272727272,46.21212121212121,4.545454545454546,7.196969696969697,1
Kikim Timur,Cecar,630,17.3015873015873,16.19047619047619,12.063492063492063,6.031746031746032,12.857142857142856,31.428571428571427,4.126984126984127,8.73015873015873,0
Kikim Timur,Patikal Lama,341,13.78299120234604,12.903225806451612,8.211143695014663,6.744868035190615,15.249266862170089,39.88269794721408,3.225806451612903,8.504398826979472,1
Kikim Timur,Muara Empayang,126,28.57142857142857,17.46031746031746,4.761904761904762,3.968253968253968,26.190476190476197,14.285714285714285,4.761904761904762,7.142857142857142,1
Kikim Timur,Lubuk Kute,186,21.50537634408602,23.118279569892472,15.053763440860216,7.526881720430108,15.591397849462366,15.591397849462366,1.6129032258064515,7.526881720430108,0
Kikim Timur,Patikal Baru,164,7.926829268292683,18.29268292682927,12.804878048780488,6.707317073170732,19.51219512195122,31.09756097560976,3.658536585365853,3.658536585365853,0
Kikim Timur,Gedung Agung,138,11.594202898550725,25.36231884057971,12.318840579710146,5.072463768115942,10.144927536231885,34.05797101449276,1.4492753623188406,2.1739130434782608,0
Kikim Timur,Babat Lama,131,14.50381679389313,12.213740458015266,6.106870229007633,9.16030534351145,16.030534351145036,38.16793893129771,3.816793893129771,3.816793893129771,1
Kikim Timur,Tanda Raja,353,14.44759206798867,22.379603399433428,11.048158640226628,8.78186968838527,13.59773371104816,26.34560906515581,3.39943342776204,5.099150141643059,0
Kikim Timur,Muara Danau,171,14.619883040935672,11.11111111111111,11.695906432748536,3.508771929824561,9.35672514619883,47.368421052631575,2.3391812865497075,7.602339181286549,1
Kikim Timur,Sendawar,136,13.23529411764706,8.823529411764707,7.352941176470589,7.352941176470589,19.11764705882353,41.17647058823529,2.941176470588235,13.970588235294118,0
Kikim Timur,Lubuk Layang Ilir,201,15.422885572139302,13.432835820895525,8.45771144278607,6.467661691542288,10.44776119402985,38.80597014925373,6.965174129353234,9.45273631840796,1
Kikim Timur,Binjai,146,8.904109589041095,6.849315068493151,7.534246575342466,7.534246575342466,7.534246575342466,56.84931506849316,4.794520547945205,5.47945205479452,2
Kikim Timur,Lubuk Layang Ulu,206,10.679611650485436,16.50485436893204,11.650485436893204,12.62135922330097,12.135922330097088,34.95145631067961,1.4563106796116505,3.3980582524271843,0
Kikim Timur,Cempaka Sakti,580,10.517241379310343,10.86206896551724,8.793103448275861,6.551724137931035,11.03448275862069,50.0,2.2413793103448274,5.517241379310345,1
Kikim Timur,Suka Harjo,615,6.504065040650407,7.804878048780488,8.617886178861788,8.94308943089431,11.219512195121952,53.333333333333336,3.577235772357724,5.203252032520325,2
Kikim Timur,Marga Mulya,878,10.364464692482915,10.82004555808656,9.681093394077449,8.88382687927107,9.567198177676538,47.49430523917996,3.189066059225513,5.353075170842825,1
Kikim Timur,Kencana Sari,434,15.43778801843318,11.059907834101384,4.838709677419355,3.686635944700461,22.58064516129032,39.1705069124424,3.225806451612903,3.9170506912442393,1
Kikim Timur,Linggar Jaya,542,9.96309963099631,10.88560885608856,7.195571955719557,7.011070110701106,15.682656826568268,47.60147601476015,1.6605166051660518,9.40959409594096,1
Kikim Timur,Purwaraja,720,9.722222222222223,10.97222222222222,5.277777777777778,6.388888888888888,17.083333333333332,47.77777777777778,2.7777777777777777,6.527777777777779,1
Kikim Tengah,Sungai Laru,948,6.223628691983123,6.118143459915612,3.059071729957806,2.4261603375527425,13.18565400843882,63.92405063291139,5.063291139240507,9.599156118143458,2
Kikim Tengah,Muara Lingsing,123,10.569105691056912,5.691056910569105,6.504065040650407,3.252032520325204,12.195121951219512,57.72357723577236,4.065040650406504,9.75609756097561,2
Kikim Tengah,Tanjung Baru,127,7.086614173228346,11.811023622047244,5.511811023622047,2.3622047244094486,11.811023622047244,58.26771653543307,3.149606299212598,7.874015748031496,2
Kikim Tengah,Kepala Siring,139,10.79136690647482,12.23021582733813,5.035971223021583,4.316546762589928,15.107913669064748,49.64028776978417,2.877697841726619,5.755395683453238,1
Kikim Tengah,Maspura,130,6.153846153846154,12.307692307692308,4.615384615384616,6.153846153846154,10.76923076923077,50.0,10.0,16.923076923076923,2
Kikim Tengah,Suka Raja,110,12.727272727272728,11.818181818181818,6.363636363636363,5.454545454545454,19.090909090909093,41.81818181818181,2.727272727272727,2.727272727272727,1
Kikim Tengah,Tanjung Aur,1228,9.120521172638435,7.247557003257329,4.641693811074918,3.5830618892508146,14.087947882736158,55.13029315960912,6.188925081433225,10.749185667752444,2
Kikim Tengah,Purbamas,381,9.973753280839896,9.973753280839896,4.724409448818897,7.086614173228346,6.299212598425196,60.629921259842526,1.3123359580052494,6.824146981627297,2
Kikim Tengah,Banyu Mas,315,11.428571428571429,7.6190476190476195,2.857142857142857,3.8095238095238098,13.65079365079365,57.460317460317455,3.1746031746031744,7.301587301587302,2
Kikim Barat,Saung Naga,288,7.291666666666667,6.597222222222222,9.375,4.166666666666666,14.930555555555555,52.43055555555556,5.208333333333334,7.986111111111111,2
Kikim Barat,Penantian,199,11.055276381909549,8.542713567839195,9.045226130653267,6.030150753768844,10.050251256281408,51.256281407035175,4.0201005025125625,9.045226130653267,2
Kikim Barat,Suka Merindu,399,7.769423558897243,6.265664160401002,4.260651629072681,3.258145363408521,17.293233082706767,57.393483709273184,3.7593984962406015,6.516290726817042,2
Kikim Barat,Jajaran Baru,263,9.505703422053232,7.224334600760455,4.562737642585551,2.281368821292776,17.110266159695815,53.99239543726235,5.323193916349809,8.745247148288973,2
Kikim Barat,Wonorejo,521,4.414587332053743,4.990403071017274,3.45489443378119,3.45489443378119,17.274472168905948,62.95585412667947,3.45489443378119,7.1017274472168905,2
Kikim Barat,Babatan Baru,214,8.878504672897195,9.345794392523365,8.411214953271028,5.607476635514018,10.74766355140187,53.73831775700935,3.2710280373831773,7.476635514018691,2
Kikim Barat,Jajaran Lama,219,9.1324200913242,5.47945205479452,2.73972602739726,2.28310502283105,25.570776255707763,52.05479452054794,2.73972602739726,6.849315068493151,2
Kikim Barat,Lubuk Seketi,216,7.87037037037037,11.11111111111111,14.814814814814811,6.944444444444445,18.51851851851852,38.88888888888889,1.851851851851852,7.87037037037037,0
Kikim Barat,Sukarami,208,7.211538461538461,5.288461538461538,5.288461538461538,5.769230769230769,12.980769230769232,61.05769230769232,2.403846153846154,3.8461538461538463,2
Kikim Barat,Singapura,353,11.3314447592068,6.232294617563739,2.8328611898017,1.9830028328611895,28.328611898017,43.626062322946176,5.6657223796034,7.365439093484419,2
Kikim Barat,Ulak Bandung,282,8.51063829787234,13.47517730496454,7.446808510638298,4.609929078014184,13.47517730496454,49.29078014184397,3.191489361702128,5.319148936170213,1
Kikim Barat,Bandar Jaya,348,4.885057471264368,8.620689655172415,5.747126436781609,6.0344827586206895,11.20689655172414,61.206896551724135,2.2988505747126435,5.172413793103448,2
Kikim Barat,Purnama Sari,404,10.14851485148515,9.653465346534654,5.9405940594059405,5.9405940594059405,18.31683168316832,47.77227722772277,2.2277227722772275,6.188118811881188,1
Kikim Barat,Wanaraya,713,9.396914446002803,6.732117812061711,5.189340813464235,4.207573632538569,14.58625525946704,55.68022440392707,4.207573632538569,6.591865357643759,2
Kikim Barat,Purworejo,217,12.903225806451612,5.529953917050691,5.0691244239631335,10.138248847926269,10.138248847926269,51.1520737327189,5.0691244239631335,8.294930875576037,2
Kikim Barat,Suka Bakti,168,15.476190476190476,5.357142857142857,6.547619047619048,1.7857142857142856,21.428571428571427,41.66666666666667,7.738095238095238,6.547619047619048,2
Kikim Barat,Mekar Jaya,189,24.867724867724867,8.994708994708994,8.465608465608465,1.5873015873015872,23.28042328042328,29.100529100529094,3.7037037037037033,8.994708994708994,1
Kikim Barat,Darma Raharja,249,21.285140562249,6.425702811244979,8.433734939759036,6.024096385542169,20.080321285140563,32.93172690763052,4.819277108433735,10.040160642570282,1
Kikim Barat,Sido Makmur,657,9.28462709284627,5.78386605783866,3.1963470319634704,3.8051750380517504,21.00456621004566,52.96803652968036,3.95738203957382,6.69710806697108,2
Pseksu,Sukajadi,603,28.689883913764515,13.432835820895525,6.301824212271974,5.306799336650083,9.78441127694859,33.16749585406302,3.316749585406302,8.7893864013267,0
Pseksu,Tanjung Agung,190,24.210526315789476,11.578947368421051,8.421052631578947,6.315789473684211,12.105263157894736,33.68421052631579,3.684210526315789,14.736842105263156,0
Pseksu,Penandingan,174,17.24137931034483,12.643678160919542,6.896551724137931,11.494252873563218,15.517241379310343,31.03448275862069,5.172413793103448,9.770114942528735,1
Pseksu,Talang Tinggi,191,28.79581151832461,12.56544502617801,8.900523560209423,9.424083769633508,9.424083769633508,25.654450261780102,5.235602094240837,11.518324607329845,0
Pseksu,Batu Niding,258,23.643410852713178,15.891472868217054,9.30232558139535,9.689922480620156,10.465116279069768,25.58139534883721,5.426356589147287,10.852713178294572,0
Pseksu,Tanjung Raya,240,13.333333333333334,15.416666666666668,5.416666666666667,5.0,6.666666666666667,51.24999999999999,2.9166666666666665,4.166666666666666,1
Pseksu,Lubuk Mabar,187,21.3903743315508,15.508021390374331,9.62566844919786,11.229946524064172,9.62566844919786,28.34224598930481,4.27807486631016,7.4866310160427805,0
Pseksu,Pagar Agung,313,18.53035143769968,11.501597444089455,4.472843450479233,2.5559105431309903,11.182108626198085,48.56230031948881,3.1948881789137378,9.904153354632587,1
Pseksu,Lubuk Tuba,112,17.857142857142858,15.178571428571429,15.178571428571429,8.035714285714286,15.178571428571429,24.107142857142858,4.464285714285714,10.714285714285714,0
Pseksu,Lubuk Atung,370,32.972972972972975,16.216216216216218,7.027027027027027,7.297297297297297,10.0,23.783783783783782,2.702702702702702,11.621621621621625,0
Pseksu,Muara Cawang,424,19.81132075471698,18.632075471698112,6.839622641509433,6.60377358490566,18.39622641509434,25.0,4.716981132075472,13.443396226415096,0
Gumay Talang,Sugi Waras,317,21.45110410094637,20.50473186119874,8.201892744479496,5.678233438485805,11.987381703470032,27.444794952681388,4.73186119873817,9.46372239747634,1
Gumay Talang,Tanjung Periuk,148,23.64864864864865,11.486486486486488,9.45945945945946,10.81081081081081,12.162162162162163,29.72972972972973,2.702702702702702,6.756756756756757,0
Gumay Talang,Tanjung Karangan,163,26.993865030674847,13.496932515337424,13.496932515337424,8.588957055214724,7.361963190184049,26.380368098159508,3.6809815950920246,6.134969325153374,0
Gumay Talang,Muara Tandi,250,26.8,17.599999999999998,10.0,8.4,6.800000000000001,27.6,2.8000000000000003,10.0,0
Gumay Talang,Darmo,270,30.74074074074074,14.444444444444445,8.518518518518519,8.518518518518519,12.22222222222222,23.33333333333333,2.2222222222222223,8.88888888888889,0
Gumay Talang,Indikat Ilir,479,16.2839248434238,7.724425887265135,8.768267223382047,8.977035490605429,10.020876826722338,45.3027139874739,2.9227557411273484,7.933194154488518,0
Gumay Talang,Tanjung Baru,264,20.833333333333336,15.151515151515152,9.469696969696969,10.227272727272728,10.606060606060606,31.439393939393938,2.272727272727273,10.227272727272728,0
Gumay Talang,Mandi Angin,179,14.52513966480447,21.22905027932961,13.966480446927374,10.614525139664805,8.379888268156424,29.60893854748604,1.675977653631285,7.262569832402235,0
Gumay Talang,Ngalam Baru,321,13.084112149532707,12.77258566978193,13.707165109034266,9.345794392523365,7.78816199376947,40.809968847352025,2.4922118380062304,6.853582554517133,0
Gumay Talang,Sukarami,309,9.06148867313916,9.70873786407767,8.090614886731391,9.70873786407767,8.414239482200648,52.75080906148867,2.26537216828479,8.090614886731391,2
Gumay Talang,Tanjung Dalam,177,14.689265536723164,13.559322033898304,10.16949152542373,9.6045197740113,4.519774011299435,42.3728813559322,5.084745762711865,10.16949152542373,0
Gumay Talang,Tanah Pilih,463,22.03023758099352,14.038876889848812,12.526997840172784,9.935205183585314,10.367170626349893,28.293736501079916,2.8077753779697625,7.775377969762419,0
Gumay Talang,Tanjung Beringin,181,16.022099447513813,15.469613259668508,12.154696132596683,10.497237569060774,12.70718232044199,30.386740331491712,2.7624309392265194,7.18232044198895,0
Gumay Talang,Batay,296,8.108108108108109,13.175675675675674,13.513513513513514,12.5,11.14864864864865,37.83783783783784,3.716216216216216,8.445945945945946,0
Gumay Talang,Suka Makmur,669,12.25710014947683,5.082212257100149,4.334828101644246,4.484304932735426,20.02989536621824,47.53363228699551,6.278026905829597,6.726457399103139,2
Pagar Gunung,Kedaton,397,7.052896725440807,10.831234256926953,8.060453400503778,4.785894206549118,12.846347607052897,51.63727959697732,4.785894206549118,10.075566750629724,2
Pagar Gunung,Tanjung Agung,432,14.351851851851851,15.50925925925926,8.333333333333332,6.018518518518518,13.425925925925927,39.58333333333333,2.7777777777777777,6.944444444444445,1
Pagar Gunung,Karang Agung,319,18.181818181818183,18.808777429467085,9.404388714733544,5.015673981191222,9.717868338557992,34.1692789968652,4.702194357366771,10.031347962382444,1
Pagar Gunung,Bandung Agung,217,17.050691244239633,23.04147465437788,11.52073732718894,14.746543778801843,11.52073732718894,18.433179723502302,3.686635944700461,6.912442396313365,0
Pagar Gunung,Lesung Batu,461,21.0412147505423,14.75054229934924,10.19522776572668,10.412147505422992,7.158351409978309,34.70715835140998,1.735357917570499,8.459869848156181,0
Pagar Gunung,Air Lingkar,376,11.702127659574469,16.75531914893617,15.95744680851064,15.159574468085108,11.96808510638298,26.329787234042552,2.127659574468085,5.053191489361701,0
Pagar Gunung,Batu Rusa,151,19.205298013245034,17.880794701986755,9.933774834437086,13.90728476821192,7.28476821192053,28.47682119205298,3.3112582781456954,7.947019867549669,0
Pagar Gunung,Kupang,190,13.684210526315791,17.36842105263158,11.578947368421051,8.947368421052632,12.63157894736842,32.631578947368425,3.1578947368421053,8.421052631578947,0
Pagar Gunung,Sawah Darat,119,15.126050420168069,19.327731092436977,10.92436974789916,11.76470588235294,5.88235294117647,33.61344537815126,3.361344537815126,9.243697478991598,0
Pagar Gunung,Danau,134,14.17910447761194,14.17910447761194,8.208955223880597,3.731343283582089,14.925373134328357,43.28358208955223,1.4925373134328357,6.7164179104477615,1
Pagar Gunung,Siring Agung,182,22.52747252747253,15.384615384615383,7.6923076923076925,4.395604395604396,11.538461538461538,34.61538461538461,3.8461538461538463,6.593406593406594,0
Pagar Gunung,Pagar Alam,107,17.75700934579439,11.214953271028037,10.2803738317757,2.803738317757009,21.49532710280374,35.51401869158878,0.9345794392523364,6.5420560747663545,1
Pagar Gunung,Rimba Sujud,132,6.0606060606060606,6.0606060606060606,7.575757575757576,8.333333333333332,14.393939393939394,54.54545454545454,3.0303030303030303,10.606060606060606,2
Pagar Gunung,Germidar Ilir,148,13.513513513513514,17.56756756756757,6.081081081081082,6.756756756756757,21.62162162162162,30.405405405405407,4.054054054054054,6.756756756756757,0
Pagar Gunung,Germidar Ulu,151,19.86754966887417,15.2317880794702,15.2317880794702,9.933774834437086,16.55629139072848,19.86754966887417,3.3112582781456954,10.596026490066226,0
Pagar Gunung,Padang Pagun,452,15.486725663716811,18.805309734513276,9.95575221238938,9.734513274336283,10.398230088495575,32.30088495575221,3.3185840707964607,6.415929203539823,0
Pagar Gunung,Muara Dua,119,20.16806722689076,10.92436974789916,15.966386554621849,4.201680672268908,17.647058823529413,29.411764705882355,1.680672268907563,5.88235294117647,0
Pagar Gunung,Penantian,223,17.937219730941703,15.246636771300448,11.659192825112108,7.623318385650224,7.623318385650224,36.771300448430495,3.1390134529147984,6.278026905829597,0
Pagar Gunung,Merindu,131,17.557251908396946,19.083969465648856,12.213740458015266,16.030534351145036,10.687022900763358,22.137404580152676,2.2900763358778624,9.16030534351145,0
Merapi Timur,Lebuay Bandung,393,5.852417302798982,10.432569974554708,5.597964376590331,3.5623409669211195,11.959287531806616,52.67175572519084,9.923664122137405,9.16030534351145,2
Merapi Timur,Sirah Pulau,438,3.65296803652968,6.164383561643835,3.1963470319634704,2.054794520547945,10.50228310502283,69.86301369863014,4.5662100456621,8.67579908675799,2
Merapi Timur,Gunung Kembang,1131,7.515473032714412,5.658709106984968,7.957559681697612,9.195402298850574,9.902740937223696,56.32183908045977,3.4482758620689653,8.753315649867375,2
Merapi Timur,Prabu Menang,557,7.5403949730700175,8.43806104129264,4.488330341113106,7.360861759425494,8.797127468581687,59.60502692998204,3.7701974865350087,8.797127468581687,2
Merapi Timur,Banjar Sari,802,7.855361596009976,6.857855361596011,5.112219451371571,5.610972568578553,9.850374064837904,59.47630922693266,5.236907730673317,10.723192019950124,2
Merapi Timur,Arahan,1016,6.594488188976378,13.582677165354331,8.366141732283465,9.05511811023622,14.960629921259844,42.02755905511811,5.413385826771654,8.267716535433072,1
Merapi Timur,Nanjungan,155,5.806451612903226,12.258064516129032,10.32258064516129,5.806451612903226,21.29032258064516,38.064516129032256,6.451612903225806,7.096774193548387,2
Merapi Timur,Sengkuang,243,11.11111111111111,21.81069958847737,11.522633744855968,11.11111111111111,12.757201646090536,27.983539094650205,3.7037037037037033,7.4074074074074066,0
Merapi Timur,Tanjung Lontar,340,5.294117647058823,13.529411764705882,8.529411764705882,6.764705882352941,11.470588235294118,51.76470588235295,2.647058823529412,7.0588235294117645,2
Merapi Timur,Gedung Agung,1204,8.388704318936876,16.611295681063122,12.043189368770763,12.29235880398671,13.621262458471762,32.9734219269103,4.069767441860465,9.30232558139535,0
Merapi Timur,Muara Lawai,550,6.0,10.909090909090908,11.272727272727272,12.363636363636363,11.272727272727272,42.72727272727273,5.454545454545454,6.363636363636363,0
Merapi Timur,Tanjung Jambu,571,5.604203152364273,9.457092819614711,8.231173380035026,7.705779334500876,13.835376532399298,50.26269702276708,4.903677758318739,10.683012259194395,2
Merapi Timur,Cempaka Wangi,330,11.515151515151516,21.21212121212121,9.393939393939393,8.181818181818182,22.424242424242426,24.545454545454547,2.727272727272727,5.757575757575758,0
Merapi Timur,Lematang Jaya,579,14.853195164075997,19.34369602763385,13.298791018998276,14.335060449050086,11.57167530224525,23.488773747841105,3.1088082901554404,6.217616580310881,0
Tanjung Sakti Pumi,Pulau Panas,188,18.08510638297873,17.5531914893617,11.170212765957446,7.446808510638298,14.893617021276595,27.127659574468083,3.723404255319149,6.382978723404255,0
Tanjung Sakti Pumi,Sindang Panjang,870,14.942528735632186,13.563218390804598,12.528735632183906,7.931034482758621,13.218390804597702,32.298850574712645,5.517241379310345,8.96551724137931,1
Tanjung Sakti Pumi,Gunung Kembang,198,14.14141414141414,13.131313131313131,11.11111111111111,9.595959595959595,13.131313131313131,34.34343434343434,4.545454545454546,7.575757575757576,1
Tanjung Sakti Pumi,Pagar Agung,117,6.837606837606838,11.11111111111111,6.837606837606838,9.401709401709402,17.94871794871795,45.2991452991453,2.564102564102564,3.418803418803419,1
Tanjung Sakti Pumi,Benteng,166,15.060240963855422,14.457831325301203,16.867469879518072,10.843373493975903,11.44578313253012,26.506024096385545,4.819277108433735,4.819277108433735,0
Tanjung Sakti Pumi,Ulak Lebar,218,25.229357798165136,11.46788990825688,6.422018348623854,3.211009174311927,19.26605504587156,32.56880733944954,1.834862385321101,6.422018348623854,1
Tanjung Sakti Pumi,Gunung Agung,239,11.297071129707112,15.481171548117151,13.389121338912132,7.949790794979079,9.205020920502092,38.49372384937239,4.184100418410042,7.531380753138076,0
Tanjung Sakti Pumi,Masam Bulau,334,16.766467065868262,12.275449101796406,8.383233532934131,5.9880239520958085,15.269461077844312,38.622754491017965,2.694610778443114,6.88622754491018,1
Tanjung Sakti Pumi,Pajar Bulan,436,8.027522935779817,14.449541284403669,11.009174311926609,7.79816513761468,13.302752293577983,40.825688073394495,4.587155963302752,7.110091743119266,1
Tanjung Sakti Pumi,Tanjung Bulan,294,18.027210884353742,15.64625850340136,11.564625850340136,6.122448979591836,13.945578231292515,30.952380952380956,3.741496598639456,12.244897959183673,0
Tanjung Sakti Pumi,Penandingan,347,21.613832853025936,18.443804034582133,10.662824207492797,6.628242074927954,12.39193083573487,27.089337175792505,3.170028818443804,8.93371757925072,0
Tanjung Sakti Pumi,Tanjung Sakti,394,20.304568527918786,17.00507614213198,9.390862944162436,10.65989847715736,14.974619289340104,23.604060913705585,4.060913705583756,9.137055837563452,0
Tanjung Sakti Pumi,Negeri Kaya,150,26.0,26.666666666666668,12.666666666666668,8.0,7.333333333333333,16.666666666666664,2.666666666666667,6.666666666666667,0
Tanjung Sakti Pumi,Pulau Panggung,377,9.549071618037134,16.710875331564985,9.814323607427056,14.854111405835544,12.9973474801061,32.09549071618037,3.978779840848806,10.079575596816976,0
Tanjung Sakti Pumi,Gunung Kerto,372,23.118279569892472,15.591397849462366,7.795698924731183,4.838709677419355,14.24731182795699,33.60215053763441,0.8064516129032258,8.333333333333332,0
Tanjung Sakti Pumi,Lubuk Tabun,245,18.775510204081638,15.510204081632653,14.285714285714285,5.714285714285714,22.040816326530614,20.816326530612244,2.857142857142857,8.16326530612245,0
Tanjung Sakti Pumi,Pagar Jati,260,22.692307692307693,19.230769230769237,8.846153846153847,5.0,10.384615384615383,30.76923076923077,3.076923076923077,7.307692307692308,0
Tanjung Sakti Pumi,Lubuk Dalam,252,13.492063492063492,21.825396825396822,16.26984126984127,16.26984126984127,11.507936507936508,17.857142857142858,2.7777777777777777,11.11111111111111,0
Gumay Ulu,Tinggi Hari,101,14.85148514851485,9.9009900990099,10.891089108910892,15.84158415841584,11.88118811881188,34.65346534653465,1.98019801980198,3.96039603960396,0
Gumay Ulu,Tanjung Raja,168,20.833333333333336,11.904761904761903,8.928571428571429,11.904761904761903,17.857142857142858,26.190476190476197,2.380952380952381,9.523809523809524,1
Gumay Ulu,Sinjar Bulan,126,15.873015873015872,17.46031746031746,11.904761904761903,7.936507936507936,8.73015873015873,35.714285714285715,2.380952380952381,4.761904761904762,0
Gumay Ulu,Padang Gumay,108,12.962962962962962,17.59259259259259,16.666666666666664,6.481481481481481,14.814814814814811,25.925925925925924,5.555555555555555,6.481481481481481,0
Gumay Ulu,Tanjung Aur,119,12.605042016806722,15.966386554621849,9.243697478991598,5.88235294117647,16.80672268907563,37.81512605042017,1.680672268907563,7.563025210084033,1
Gumay Ulu,Simpur,154,11.688311688311687,7.142857142857142,11.688311688311687,7.142857142857142,14.285714285714285,43.50649350649351,4.545454545454546,10.38961038961039,0
Gumay Ulu,Lubuk Selo,387,16.020671834625322,10.3359173126615,9.560723514211883,5.684754521963824,16.795865633074936,37.98449612403101,3.617571059431525,5.684754521963824,1
Gumay Ulu,Rindu Hati,298,18.79194630872483,11.073825503355703,10.06711409395973,2.684563758389262,16.10738255033557,38.25503355704698,3.02013422818792,7.718120805369128,1
Gumay Ulu,Sumber Karya,345,20.57971014492753,11.014492753623188,6.666666666666667,4.057971014492753,14.492753623188406,38.55072463768117,4.63768115942029,6.666666666666667,1
Gumay Ulu,Trans SP II Padang Muara Dua,184,19.021739130434785,10.326086956521738,5.434782608695652,5.434782608695652,11.41304347826087,46.19565217391305,2.1739130434782608,4.891304347826087,1
Merapi Selatan,Padang,397,20.151133501259448,16.876574307304786,9.571788413098236,6.297229219143577,11.083123425692696,32.7455919395466,3.27455919395466,11.586901763224182,0
Merapi Selatan,Tanjung Menang,87,25.287356321839084,22.988505747126435,6.896551724137931,10.344827586206897,6.896551724137931,26.436781609195403,1.1494252873563218,9.195402298850574,0
Merapi Selatan,Lubuk Pedaro,234,15.384615384615383,19.65811965811966,12.393162393162394,11.965811965811966,11.11111111111111,23.93162393162393,5.555555555555555,10.256410256410255,0
Merapi Selatan,Suka Merindu,246,17.88617886178862,23.98373983739837,9.34959349593496,11.38211382113821,8.130081300813007,26.82926829268293,2.4390243902439024,9.75609756097561,0
Merapi Selatan,Tanjung Beringin,289,11.76470588235294,20.761245674740483,11.76470588235294,12.110726643598616,14.186851211072666,26.29757785467128,3.1141868512110724,8.996539792387544,0
Merapi Selatan,Talang Akar,107,21.49532710280374,20.5607476635514,6.5420560747663545,3.738317757009345,13.084112149532707,32.71028037383177,1.8691588785046729,8.411214953271028,0
Merapi Selatan,Lubuk Betung,611,15.548281505728315,26.186579378068743,13.420621931260229,12.60229132569558,9.983633387888707,20.458265139116204,1.800327332242226,8.346972176759412,0
Merapi Selatan,Perangai,622,21.061093247588424,17.845659163987136,8.19935691318328,7.877813504823152,5.466237942122187,33.60128617363344,5.94855305466238,13.504823151125404,0
Merapi Selatan,Geramat,327,17.737003058103976,35.77981651376147,12.232415902140673,8.256880733944955,10.397553516819572,12.844036697247708,2.752293577981652,7.64525993883792,0
Tanjungtebat,Pandan Arang Ilir,177,29.37853107344633,20.90395480225989,10.734463276836156,9.03954802259887,7.344632768361582,19.774011299435028,2.824858757062147,7.344632768361582,0
Tanjungtebat,Tanjung Kurung Ulu,212,16.50943396226415,15.09433962264151,8.962264150943396,5.660377358490567,13.20754716981132,37.264150943396224,3.30188679245283,6.132075471698113,1
Tanjungtebat,Tanjung Kurung Ilir,272,23.52941176470588,17.647058823529413,5.147058823529411,2.2058823529411766,17.27941176470588,30.88235294117647,3.308823529411765,5.88235294117647,1
Tanjungtebat,Tanjung Baru,222,21.62162162162162,12.612612612612612,8.558558558558559,8.558558558558559,15.765765765765764,28.82882882882883,4.054054054054054,6.756756756756757,1
Tanjungtebat,Tanjung Nibung,161,26.70807453416149,14.285714285714285,6.832298136645963,2.484472049689441,13.043478260869565,34.78260869565217,1.8633540372670807,6.832298136645963,0
Tanjungtebat,TanjungTebat,230,8.695652173913043,14.782608695652174,18.695652173913043,11.73913043478261,13.043478260869565,29.565217391304348,3.4782608695652173,6.956521739130435,0
Tanjungtebat,Tanjung Bai,265,13.962264150943396,18.49056603773585,9.811320754716984,9.056603773584904,12.075471698113208,32.83018867924528,3.7735849056603774,11.320754716981131,0
Tanjungtebat,Tanjung Menang,469,15.991471215351812,14.498933901918976,10.021321961620467,8.742004264392325,10.874200426439232,34.32835820895522,5.543710021321962,9.808102345415778,1
Tanjungtebat,Tanjung Raya,152,21.052631578947366,9.210526315789473,7.236842105263158,6.578947368421052,10.526315789473683,39.47368421052632,5.921052631578947,7.236842105263158,1
Tanjungtebat,Air Dingin Lama,158,11.39240506329114,22.15189873417721,6.962025316455696,4.430379746835443,18.35443037974684,35.44303797468354,1.2658227848101269,9.49367088607595,0
Tanjungtebat,Air Dingin Baru,138,15.217391304347828,12.318840579710146,10.144927536231885,10.144927536231885,9.420289855072465,39.130434782608695,3.6231884057971016,13.043478260869565,0
Tanjungtebat,Muara Danau,207,8.695652173913043,13.526570048309178,13.043478260869565,12.560386473429952,10.628019323671497,39.61352657004831,1.932367149758454,11.11111111111111,0
Tanjungtebat,Talang Jawa,91,18.68131868131868,20.87912087912088,8.791208791208792,3.296703296703297,6.593406593406594,39.56043956043956,2.197802197802198,9.89010989010989,0
Tanjungtebat,Padang Perigi,241,30.29045643153527,19.91701244813278,7.883817427385892,6.639004149377594,8.29875518672199,22.82157676348548,4.149377593360995,9.95850622406639,0
Muarapayang,Muara Payang,607,22.899505766062603,16.80395387149918,10.873146622734762,8.237232289950576,9.71993410214168,27.677100494233937,3.789126853377265,9.71993410214168,0
Muarapayang,Muara Gelumpai,625,24.96,18.08,17.44,12.96,4.32,18.08,4.16,9.12,0
Muarapayang,Talang Tinggi,435,23.218390804597703,21.149425287356323,11.724137931034482,5.057471264367816,5.517241379310345,28.04597701149425,5.287356321839081,11.03448275862069,0
Muarapayang,Lawang Agung Lama,287,26.132404181184672,15.33101045296167,11.149825783972126,6.2717770034843205,6.968641114982578,31.010452961672478,3.1358885017421603,10.104529616724738,0
Muarapayang,Lawang Agung Baru,178,23.59550561797753,16.292134831460675,12.359550561797752,9.550561797752808,6.741573033707865,28.651685393258425,2.808988764044944,10.674157303370784,0
Muarapayang,Muara Jauh,294,28.91156462585034,16.666666666666664,17.346938775510203,9.183673469387756,6.802721088435375,19.727891156462583,1.3605442176870748,4.081632653061225,0
Muarapayang,Bandu Agung,426,39.436619718309856,18.77934272300469,10.56338028169014,5.633802816901409,2.582159624413145,18.77934272300469,4.225352112676056,9.624413145539906,0
Sukamerindu,Guru Agung,303,14.85148514851485,11.55115511551155,7.260726072607261,5.6105610561056105,16.831683168316832,39.93399339933993,3.96039603960396,8.25082508250825,1
Sukamerindu,Karang Caya,414,9.66183574879227,9.420289855072465,9.903381642512077,4.830917874396135,12.07729468599034,48.30917874396136,5.797101449275362,7.246376811594203,2
Sukamerindu,Gunung liwat,180,11.11111111111111,12.777777777777777,5.0,4.444444444444445,16.666666666666664,45.55555555555556,4.444444444444445,9.444444444444445,1
Sukamerindu,Kapitan,139,9.352517985611511,7.194244604316546,10.071942446043163,11.510791366906476,12.949640287769784,43.16546762589928,5.755395683453238,12.949640287769784,0
Sukamerindu,Rambai Kaca,661,14.069591527987896,14.674735249621785,11.195158850226928,11.649016641452343,10.59001512859304,32.37518910741301,5.446293494704992,9.228441754916792,0
Sukamerindu,Pagar Kaya,186,16.666666666666664,10.75268817204301,12.903225806451612,6.451612903225806,14.516129032258066,32.795698924731184,5.913978494623656,11.29032258064516,0
Sukamerindu,Tanjung Raya,149,18.12080536912752,10.738255033557047,8.053691275167784,8.724832214765101,11.409395973154362,36.91275167785235,6.04026845637584,12.08053691275168,0
Sukamerindu,Sukaraja,271,15.867158671586717,21.771217712177123,9.96309963099631,9.22509225092251,12.177121771217712,28.782287822878228,2.214022140221402,12.915129151291511,0
Sukamerindu,Tanjung Agung,206,19.41747572815534,9.70873786407767,7.281553398058252,7.281553398058252,8.737864077669903,44.1747572815534,3.3980582524271843,8.25242718446602,0
Mulak Sebingkai,Jadian Baru,178,23.59550561797753,9.550561797752808,1.6853932584269662,6.179775280898876,12.359550561797752,44.38202247191011,2.247191011235955,11.235955056179774,1
Mulak Sebingkai,Jadian Lama,149,23.48993288590604,16.10738255033557,7.38255033557047,11.409395973154362,8.724832214765101,30.87248322147651,2.013422818791946,7.38255033557047,0
Mulak Sebingkai,Talang Berangin,117,16.23931623931624,11.11111111111111,4.273504273504273,4.273504273504273,20.51282051282051,40.17094017094017,3.418803418803419,6.837606837606838,1
Mulak Sebingkai,Padang Bindu,169,14.201183431952662,16.56804733727811,10.650887573964498,4.733727810650888,14.201183431952662,36.68639053254438,2.9585798816568047,6.508875739644971,1
Mulak Sebingkai,Keban Agung,346,24.85549132947977,14.16184971098266,4.913294797687861,4.046242774566474,8.38150289017341,37.283236994219656,6.358381502890173,10.982658959537572,0
Mulak Sebingkai,Danau Belidang,171,8.771929824561402,17.543859649122805,6.432748538011696,5.847953216374268,16.95906432748538,40.93567251461988,3.508771929824561,8.187134502923977,1
Mulak Sebingkai,Talang Padang,82,9.75609756097561,25.60975609756097,19.51219512195122,7.317073170731707,9.75609756097561,28.04878048780488,0.0,7.317073170731707,0
Mulak Sebingkai,Lubuk Dendan,203,16.748768472906402,13.79310344827586,8.866995073891626,4.926108374384237,10.83743842364532,43.34975369458128,1.477832512315271,5.911330049261084,1
Mulak Sebingkai,Penandingan,238,15.546218487394958,28.15126050420168,6.722689075630252,6.722689075630252,10.084033613445378,30.672268907563023,2.100840336134454,9.663865546218489,0
Mulak Sebingkai,Durian Dangkal,312,15.705128205128204,17.94871794871795,8.974358974358974,8.653846153846153,12.82051282051282,32.05128205128205,3.8461538461538463,9.615384615384617,0
Lahat Selatan,Banjar Negara,230,7.82608695652174,9.565217391304348,9.565217391304348,6.521739130434782,12.173913043478262,50.0,4.3478260869565215,7.82608695652174,2
Lahat Selatan,Tanjung Payang,1946,4.059609455292908,8.17060637204522,6.5775950668037,7.708119218910586,13.771839671120247,55.54984583761562,4.1623843782117165,5.241521068859199,2
Lahat Selatan,Tanjung Tebat,326,7.05521472392638,14.417177914110429,17.177914110429448,11.042944785276074,15.030674846625766,31.28834355828221,3.987730061349693,5.214723926380368,0
Lahat Selatan,Nantal,271,10.33210332103321,23.616236162361623,12.915129151291511,9.96309963099631,13.284132841328416,26.937269372693727,2.952029520295203,4.797047970479705,0
Lahat Selatan,Karang Anyar,283,7.420494699646643,13.427561837455832,8.480565371024735,5.653710247349824,14.487632508833922,45.936395759717314,4.593639575971731,4.946996466431095,1
Lahat Selatan,Karang Baru,344,8.430232558139535,18.023255813953487,11.627906976744184,11.627906976744184,13.08139534883721,34.30232558139535,2.9069767441860463,3.77906976744186,0
Lahat Selatan,Kerung,303,13.2013201320132,23.1023102310231,8.25082508250825,4.29042904290429,10.231023102310232,38.94389438943895,1.98019801980198,3.630363036303631,0
Lahat Selatan,Muara Cawang,178,8.98876404494382,22.47191011235955,10.674157303370784,11.235955056179774,8.98876404494382,33.70786516853933,3.932584269662921,6.741573033707865,0
Lahat Selatan,Talang Sawah,250,20.0,20.0,12.4,9.6,12.0,23.6,2.4,2.0,0
Lahat Selatan,Talang Sejemput,502,17.131474103585656,19.32270916334661,9.760956175298803,10.95617529880478,13.545816733067728,27.091633466135452,2.1912350597609564,5.179282868525896,0
